mode_id,node_id,ux,uy,uz
1,1,0.000000000000000e+00,0.000000000000000e+00,0.000000000000000e+00
1,2,1.373047698628192e-01,0.000000000000000e+00,0.000000000000000e+00
1,3,1.732940047190029e-01,-1.732940047190028e-01,0.000000000000000e+00
1,4,0.000000000000000e+00,-1.373047698628191e-01,0.000000000000000e+00
2,1,0.000000000000000e+00,0.000000000000000e+00,0.000000000000000e+00
2,2,7.449990893893109e-02,0.000000000000000e+00,0.000000000000000e+00
2,3,1.995939022158031e-01,1.995939022158032e-01,0.000000000000000e+00
2,4,0.000000000000000e+00,7.449990893893116e-02,0.000000000000000e+00
3,1,0.000000000000000e+00,0.000000000000000e+00,0.000000000000000e+00
3,2,3.107675802851860e-01,0.000000000000000e+00,0.000000000000000e+00
3,3,-1.059511061404159e-01,-1.059511061404159e-01,0.000000000000000e+00
3,4,0.000000000000000e+00,3.107675802851858e-01,0.000000000000000e+00
4,1,0.000000000000000e+00,0.000000000000000e+00,0.000000000000000e+00
4,2,-2.885725655032660e-01,0.000000000000000e+00,0.000000000000000e+00
4,3,1.450260342923278e-01,-1.450260342923279e-01,0.000000000000000e+00
4,4,0.000000000000000e+00,2.885725655032661e-01,0.000000000000000e+00
