frequency_hz,component,dominant_order,dominant_order_abs,order0_abs,order2_abs,order6_abs,order12_abs,total_order_energy,num_angle_samples,num_source_nodes
5.000000000000000e+01,FR,4,5.990339605381249e-02,2.058400136341042e-06,5.986431665122690e-07,1.523134509820438e-06,2.576783109089750e-06,8.003600322357501e-03,360,171
5.000000000000000e+01,FT,40,5.871069752846629e-03,4.548998169602706e-07,3.172882719151938e-07,3.208429085064572e-07,4.635163777491967e-07,2.824017415679916e-04,360,171
5.000000000000000e+01,FXY,4,6.017545637987098e-02,2.108066641441705e-06,6.775289575411270e-07,1.556559959315679e-06,2.618140298710514e-06,8.286002063925496e-03,360,171
1.000000000000000e+02,FR,2,3.216826363391437e+01,2.117476496261506e-04,3.216826363391437e+01,1.510225165018566e-04,1.518780617920737e-04,1.146170180798169e+03,360,171
1.000000000000000e+02,FT,14,1.185395080233545e+00,1.029948465770448e-05,9.965042670984018e-01,2.820310316583666e-05,2.520461883085132e-05,1.042394696999856e+01,360,171
1.000000000000000e+02,FXY,2,3.218369472225591e+01,2.119979870338710e-04,3.218369472225591e+01,1.536333802229722e-04,1.539552482513197e-04,1.156594127768168e+03,360,171
1.500000000000000e+02,FR,0,1.432092560659479e-01,1.432092560659479e-01,2.006013405625185e-06,4.320413199676292e-02,1.644355991263872e-02,2.495975809245010e-02,360,171
1.500000000000000e+02,FT,24,6.963867866362823e-03,4.923159752075098e-03,3.546466917041100e-07,5.894003637783814e-03,6.284596187405068e-03,3.981674065151329e-04,360,171
1.500000000000000e+02,FXY,0,1.432938537583056e-01,1.432938537583056e-01,2.037121513185855e-06,4.360431515889135e-02,1.760360224043038e-02,2.535792549896521e-02,360,171
2.000000000000000e+02,FR,16,2.181577975222951e+00,6.435515042963281e-05,6.922874982274183e-05,3.021144413659481e-05,3.136073488199256e-05,1.524277190963855e+01,360,171
2.000000000000000e+02,FT,16,8.786579417967907e-01,1.197407356443880e-05,1.211592118428215e-05,1.273181746224724e-05,9.435659930700622e-06,5.541387766704781e+00,360,171
2.000000000000000e+02,FXY,16,2.351876323419334e+00,6.545963507801783e-05,7.028097429719876e-05,3.278460816771451e-05,3.274946366990542e-05,2.078415967634333e+01,360,171
2.500000000000000e+02,FR,2,3.640783263493356e-02,3.770050132718218e-07,3.640783263493356e-02,7.753364924858175e-07,2.283788679467728e-06,2.585661208822423e-03,360,171
2.500000000000000e+02,FT,20,4.527945212146742e-03,2.236689154864736e-07,3.138160980489930e-03,4.903577494213963e-07,6.505596884105049e-07,1.370202285065645e-04,360,171
2.500000000000000e+02,FXY,2,3.654282872894219e-02,4.383612252320931e-07,3.654282872894219e-02,9.173861776797310e-07,2.374640739280307e-06,2.722681437328988e-03,360,171
3.000000000000000e+02,FR,6,1.209789029867947e+00,1.104570061608068e+00,1.492506361902075e-05,1.209789029867947e+00,6.211872608788021e-01,3.847323995592636e+00,360,171
3.000000000000000e+02,FT,24,4.512452661705363e-01,3.245515421409548e-01,5.769529857609081e-06,3.411726343149666e-01,3.894711079313142e-01,1.581550450358469e+00,360,171
3.000000000000000e+02,FXY,6,1.256975840338326e+00,1.151263968213600e+00,1.600140615101246e-05,1.256975840338326e+00,7.331857588574360e-01,5.428874445951105e+00,360,171
3.500000000000000e+02,FR,10,1.335437865199893e-02,1.749780891167952e-06,1.423214911629528e-06,1.676876173178384e-06,1.621760167648336e-06,4.355260912922152e-04,360,171
3.500000000000000e+02,FT,16,3.220626456460600e-03,1.034431976647137e-06,3.323536109840695e-07,7.838983898434301e-07,4.736090365969895e-07,8.185419225330344e-05,360,171
3.500000000000000e+02,FXY,10,1.371401618193127e-02,2.032678696057647e-06,1.461505938208530e-06,1.851056559312142e-06,1.689500387960029e-06,5.173802835455186e-04,360,171
4.000000000000000e+02,FR,2,1.130340342310026e+00,1.318591039125914e-05,1.130340342310026e+00,2.035872478617313e-06,1.421591359979119e-05,1.854813976232115e+00,360,171
4.000000000000000e+02,FT,20,3.022196080540770e-01,3.330034990784253e-06,1.812680202270483e-01,3.093805535068123e-06,2.971074401460803e-06,5.564265935059149e-01,360,171
4.000000000000000e+02,FXY,2,1.144782680079752e+00,1.359990315723474e-05,1.144782680079752e+00,3.703567123464830e-06,1.452306725783998e-05,2.411240569738029e+00,360,171
4.500000000000000e+02,FR,0,2.200767343282335e-02,2.200767343282335e-02,6.766958148865727e-07,2.077146661729429e-02,1.761512753676981e-02,1.576861208406344e-03,360,171
4.500000000000000e+02,FT,0,6.320953172535696e-03,6.320953172535696e-03,5.107431677950020e-07,6.101612318724553e-03,5.964815253461792e-03,3.832826293798555e-04,360,171
4.500000000000000e+02,FXY,0,2.289742646969715e-02,2.289742646969715e-02,8.478064692689460e-07,2.164909924965430e-02,1.859762724501694e-02,1.960143837786199e-03,360,171
5.000000000000000e+02,FR,4,4.409601234894223e-01,3.047231340976424e-06,4.856272885820613e-06,6.954000704878742e-06,1.361151193656236e-05,2.667703578221347e-01,360,171
5.000000000000000e+02,FT,10,1.528132581310924e-01,1.651080272861096e-06,2.406668222288507e-06,4.771378316450979e-06,7.229110102826619e-06,1.362561104209011e-01,360,171
5.000000000000000e+02,FXY,4,4.624087851038620e-01,3.465787776662046e-06,5.419911279138228e-06,8.433515094084590e-06,1.541211504232854e-05,4.030264682430358e-01,360,171
5.500000000000000e+02,FR,8,6.783675990821613e-03,2.527234049009145e-06,6.512689202973432e-03,7.748984414913370e-07,1.815716388869841e-06,1.275597987289498e-04,360,171
5.500000000000000e+02,FT,14,2.456812907709653e-03,3.662510598104264e-07,2.118542211074663e-03,4.526098098022714e-07,4.542857503890295e-07,4.893069630935675e-05,360,171
5.500000000000000e+02,FXY,8,7.167358665612423e-03,2.553635012542594e-06,6.848601445158847e-03,8.973980357427529e-07,1.871684147450381e-06,1.764904950383066e-04,360,171
6.000000000000000e+02,FR,0,2.491835516175427e-01,2.491835516175427e-01,7.117859834902169e-06,1.630610600298247e-01,1.026132081506145e-01,1.399318451454311e-01,360,171
6.000000000000000e+02,FT,0,9.638792070147299e-02,9.638792070147299e-02,5.046598093473564e-06,8.798356641644117e-02,6.490876674999119e-02,5.833206088619616e-02,360,171
6.000000000000000e+02,FXY,0,2.671761098112741e-01,2.671761098112741e-01,8.725369960429446e-06,1.852836130298803e-01,1.214191850078318e-01,1.982639060316273e-01,360,171
6.500000000000000e+02,FR,4,2.508303793716397e-03,8.280953727480989e-07,1.199135049784150e-06,2.280158510310570e-06,2.439454509515163e-06,2.243311612081977e-05,360,171
6.500000000000000e+02,FT,22,1.231453326679625e-03,8.084867754907642e-07,9.036193728623219e-07,6.503780042997349e-07,3.210338850272468e-07,1.008844636325431e-05,360,171
6.500000000000000e+02,FXY,4,2.655456711765757e-03,1.157321395512183e-06,1.501483545908157e-06,2.371099825106194e-06,2.460487971791277e-06,3.252156248407408e-05,360,171
7.000000000000000e+02,FR,2,2.328359951720345e-01,6.142598804268142e-06,2.328359951720345e-01,1.804638160172767e-05,4.662440954049519e-06,1.475342493351995e-01,360,171
7.000000000000000e+02,FT,38,1.232335743335428e-01,3.063793631034004e-06,1.232292308267711e-01,8.927547351768510e-06,7.871077650349497e-06,1.184390174557354e-01,360,171
7.000000000000000e+02,FXY,2,2.634350849410710e-01,6.864280842430686e-06,2.634350849410710e-01,2.013387669161713e-05,9.148345152421258e-06,2.659732667909349e-01,360,171
7.500000000000000e+02,FR,0,2.754554577341456e-03,2.754554577341456e-03,1.854826491071494e-06,2.481658012136863e-03,2.412452374395047e-03,2.771070920145678e-05,360,171
7.500000000000000e+02,FT,24,6.640619606040682e-04,1.398203334865473e-04,4.319328544687900e-07,1.742309112461324e-04,4.399370360151145e-04,1.956383823804465e-06,360,171
7.500000000000000e+02,FXY,0,2.758100912803782e-03,2.758100912803782e-03,1.904454594562482e-06,2.487766648951775e-03,2.452237968546704e-03,2.966709302526126e-05,360,171
8.000000000000000e+02,FR,4,2.265617742546803e-01,1.034594264711709e-05,9.996222799003021e-06,6.210753147284912e-06,1.402500583020139e-05,1.257464234490681e-01,360,171
8.000000000000000e+02,FT,46,1.248414124436466e-01,7.720978169603551e-06,7.406850193433956e-06,7.964455947830039e-06,1.581144901176459e-06,1.144482996061176e-01,360,171
8.000000000000000e+02,FXY,4,2.579712585039901e-01,1.290937772136716e-05,1.244129816519484e-05,1.009980263180597e-05,1.411385162652985e-05,2.401947230551857e-01,360,171
8.500000000000000e+02,FR,20,1.729413661939506e-03,1.191160095618285e-06,1.400559558147527e-03,1.008795334668757e-06,1.461464311918076e-06,1.390115917734402e-05,360,171
8.500000000000000e+02,FT,32,8.593574556031180e-04,3.791578653624299e-07,5.934860603657228e-04,3.589507480832565e-07,5.314446858630917e-07,4.575895195170495e-06,360,171
8.500000000000000e+02,FXY,20,1.901548869006568e-03,1.250049223134656e-06,1.521115636553258e-03,1.070753784396291e-06,1.555092083814426e-06,1.847705437251452e-05,360,171
9.000000000000000e+02,FR,42,9.749764344772065e-02,9.007748442350930e-02,4.724876630822513e-06,9.386239031597776e-02,5.003093778657362e-02,6.236198433215281e-02,360,171
9.000000000000000e+02,FT,42,1.094328586375025e-01,1.084830955171537e-01,5.707291319618695e-06,9.081445859189777e-02,7.512298043222289e-02,8.478712801693176e-02,360,171
9.000000000000000e+02,FXY,42,1.465651426070827e-01,1.410054439128201e-01,7.409293716913077e-06,1.306040359451746e-01,9.025827898217506e-02,1.471491123490846e-01,360,171
9.500000000000000e+02,FR,4,1.677696882784621e-03,1.466879571291421e-06,4.707915763191549e-07,9.793294122347542e-07,5.515182767966406e-07,1.663280962512944e-05,360,171
9.500000000000000e+02,FT,28,9.518906271316200e-04,5.613336976676301e-07,3.974016862483977e-07,5.621661232152892e-07,2.980064228262789e-07,7.006637795162332e-06,360,171
9.500000000000000e+02,FXY,34,1.912939148920283e-03,1.570614910412262e-06,6.160948048524225e-07,1.129210718935566e-06,6.268813585411922e-07,2.363944742029177e-05,360,171
1.000000000000000e+03,FR,2,8.065606833204192e-02,4.051508136344847e-06,8.065606833204192e-02,4.137814129005862e-06,3.510750131828321e-06,3.275507864521977e-02,360,171
1.000000000000000e+03,FT,38,8.328251023902795e-02,3.999178198956190e-06,6.733558839629587e-02,2.151867093209568e-06,2.920785551119200e-06,3.722874092869013e-02,360,171
1.000000000000000e+03,FXY,38,1.150333834651018e-01,5.692815159995533e-06,1.050689431918795e-01,4.663907991485116e-06,4.566875816546719e-06,6.998381957390989e-02,360,171
1.050000000000000e+03,FR,12,2.155724256906076e-03,1.301726770821566e-03,1.202846495929108e-06,1.959473177078201e-03,2.155724256906076e-03,2.135165545576370e-05,360,171
1.050000000000000e+03,FT,6,1.192479942639077e-03,1.166410303010827e-03,6.173000823321527e-07,1.192479942639077e-03,1.169812059261973e-03,1.419199143331632e-05,360,171
1.050000000000000e+03,FXY,12,2.452673505749999e-03,1.747857425776871e-03,1.351998182105367e-06,2.293805472415967e-03,2.452673505749999e-03,3.554364688908000e-05,360,171
1.100000000000000e+03,FR,34,5.546258103251980e-02,1.050119988034667e-06,9.904999327483185e-07,2.031818003654265e-06,8.466474365578442e-07,1.177813895950336e-02,360,171
1.100000000000000e+03,FT,34,5.045678151597385e-02,6.264991903522396e-07,1.271157270837882e-06,9.518452034135759e-07,4.101912093087397e-06,1.066286692685084e-02,360,171
1.100000000000000e+03,FXY,34,7.497989527693104e-02,1.222805472993125e-06,1.611499588575323e-06,2.243723176159447e-06,4.188376141328117e-06,2.244100588635419e-02,360,171
1.150000000000000e+03,FR,2,1.600113444242724e-03,1.586105613345792e-06,1.600113444242724e-03,5.766948298594409e-07,1.945972217694518e-08,8.638388493627839e-06,360,171
1.150000000000000e+03,FT,32,9.225155924505119e-04,5.372845981527356e-07,6.894416462882422e-04,3.297556909208480e-07,6.589354069156765e-07,5.143601429688505e-06,360,171
1.150000000000000e+03,FXY,2,1.742323970472470e-03,1.674636007047256e-06,1.742323970472470e-03,6.643159959547078e-07,6.592226871659774e-07,1.378198992331634e-05,360,171
1.200000000000000e+03,FR,36,3.232198175352150e-02,2.068813360062102e-02,1.362453850297310e-06,2.523044546815968e-02,1.342149502927849e-02,4.690318627796745e-03,360,171
1.200000000000000e+03,FT,30,2.414582881357628e-02,1.422716638474404e-02,1.737376571798684e-06,6.200995181630191e-03,7.426411050758531e-03,2.685072910129602e-03,360,171
1.200000000000000e+03,FXY,36,3.982237799546409e-02,2.510798946981488e-02,2.207885378914610e-06,2.598129557517061e-02,1.533910394761623e-02,7.375391537926344e-03,360,171
1.250000000000000e+03,FR,22,1.122168039194715e-03,2.484705768234218e-07,2.895120480528663e-07,5.582854569390831e-07,4.536544158159179e-07,5.042979996448354e-06,360,171
1.250000000000000e+03,FT,28,6.592500167403376e-04,5.916984827252398e-07,6.635697161484317e-07,2.434708618211420e-07,9.953070519035272e-07,2.489989030336757e-06,360,171
1.250000000000000e+03,FXY,22,1.285813417700914e-03,6.417512929525852e-07,7.239765149209437e-07,6.090654414638958e-07,1.093818292294553e-06,7.532969026785113e-06,360,171
1.300000000000000e+03,FR,32,1.662097001681342e-02,4.786014701664256e-06,1.543743241219424e-02,5.051392647265489e-06,4.162523700057367e-06,1.531659499969452e-03,360,171
1.300000000000000e+03,FT,38,1.329671868005428e-02,2.012400847628983e-06,1.091595041376033e-02,1.301355484114876e-06,5.812734927710094e-07,8.411840823894085e-04,360,171
1.300000000000000e+03,FXY,32,2.033048831508570e-02,5.191887315426274e-06,1.890693769272907e-02,5.216329530702954e-06,4.202913564057377e-06,2.372843582358859e-03,360,171
1.350000000000000e+03,FR,0,1.714636240199805e-03,1.714636240199805e-03,6.259921008645034e-07,1.553770218066373e-03,1.554455135919720e-03,2.008683555205572e-05,360,171
1.350000000000000e+03,FT,0,1.151979476647988e-03,1.151979476647988e-03,8.545777311256566e-07,1.096191795745509e-03,1.136703282929930e-03,1.336886049753732e-05,360,171
1.350000000000000e+03,FXY,0,2.065680069813497e-03,2.065680069813497e-03,1.059324883536977e-06,1.901535785519113e-03,1.925727167334686e-03,3.345569604959305e-05,360,171
1.400000000000000e+03,FR,4,2.117612969555793e-02,5.882312040908436e-06,3.893238604576881e-06,3.621856898652861e-06,7.178204889923760e-06,1.201180212785886e-03,360,171
1.400000000000000e+03,FT,34,1.059138922648983e-02,1.585952012749068e-06,1.466654826421748e-06,2.181391835828100e-06,2.240591837845741e-06,6.141012791366072e-04,360,171
1.400000000000000e+03,FXY,4,2.244633038801973e-02,6.092359045013613e-06,4.160334507228229e-06,4.228039467145122e-06,7.519765769327283e-06,1.815281491922493e-03,360,171
1.450000000000000e+03,FR,2,8.491666016136978e-04,1.243177944621145e-06,8.491666016136978e-04,1.357726125270895e-06,8.558247594552932e-07,3.143800113071102e-06,360,171
1.450000000000000e+03,FT,20,6.059043737315479e-04,4.075741625847355e-07,4.704803589927794e-04,2.566007359929182e-07,6.983255094942117e-07,2.886660986061127e-06,360,171
1.450000000000000e+03,FXY,2,9.707912677265546e-04,1.308284410974580e-06,9.707912677265546e-04,1.381761256134802e-06,1.104578895374640e-06,6.030461099132231e-06,360,171
1.500000000000000e+03,FR,6,1.736061624949204e-02,1.663191181725849e-02,2.806124157081156e-06,1.736061624949204e-02,1.292734180668026e-02,1.380921525136288e-03,360,171
1.500000000000000e+03,FT,60,1.319793768100236e-02,8.889996912913129e-03,1.178049928703037e-06,1.117512070641795e-02,1.186718014612105e-02,1.298427981827982e-03,360,171
1.500000000000000e+03,FXY,6,2.064641177941431e-02,1.885875223360940e-02,3.043375497613080e-06,2.064641177941431e-02,1.754839396660655e-02,2.679349506964268e-03,360,171
1.550000000000000e+03,FR,10,4.540843143657564e-04,1.524645535573210e-07,1.351192204322786e-06,1.122268402608951e-06,1.877878480952544e-06,8.270814110393234e-07,360,171
1.550000000000000e+03,FT,52,1.990771056972654e-04,1.973675131386860e-07,3.088159551565923e-07,8.076115474487277e-07,8.965104545467979e-07,2.888712183527883e-07,360,171
1.550000000000000e+03,FXY,10,4.957481488557327e-04,2.493980259223849e-07,1.386033068574465e-06,1.382650635217362e-06,2.080903309703826e-06,1.115952629392112e-06,360,171
1.600000000000000e+03,FR,2,1.436505122383478e-02,2.985820460308145e-06,1.436505122383478e-02,3.101957939843826e-06,1.215509321717481e-06,6.859108981873930e-04,360,171
1.600000000000000e+03,FT,56,1.052582065582144e-02,1.152268844035421e-06,8.629874840459153e-03,2.227934223562311e-06,1.851560177505158e-06,6.341986403054205e-04,360,171
1.600000000000000e+03,FXY,2,1.675796635709080e-02,3.200444861285609e-06,1.675796635709080e-02,3.819140474646142e-06,2.214890065467138e-06,1.320109538492814e-03,360,171
1.650000000000000e+03,FR,0,1.342894079619325e-03,1.342894079619325e-03,6.324923122150003e-07,9.452143373477148e-04,1.240023474027961e-03,1.143758563992270e-05,360,171
1.650000000000000e+03,FT,54,8.994317678736462e-04,8.893418763975999e-04,1.083498517026694e-06,8.454504982678046e-04,8.901799510800616e-04,7.773321446144743e-06,360,171
1.650000000000000e+03,FXY,0,1.610681061598180e-03,1.610681061598180e-03,1.254597768772973e-06,1.268154836188767e-03,1.526459485687476e-03,1.921090708606745e-05,360,171
1.700000000000000e+03,FR,52,1.017351733800837e-02,2.231864096390342e-06,1.595305469135291e-06,1.256273923326811e-06,3.003984076857611e-06,5.610944404728781e-04,360,171
1.700000000000000e+03,FT,52,9.047717060319354e-03,1.845579004394555e-06,1.186545287407145e-06,1.517574120987193e-06,7.282796524140012e-07,4.785061051568613e-04,360,171
1.700000000000000e+03,FXY,52,1.361475813337684e-02,2.896097237010228e-06,1.988187430530904e-06,1.970090196696839e-06,3.091004947607547e-06,1.039600545629739e-03,360,171
1.750000000000000e+03,FR,8,5.636235383077843e-04,1.849751030189502e-06,1.722318186175431e-04,2.311554929769284e-06,2.021488316217310e-06,1.380355262111552e-06,360,171
1.750000000000000e+03,FT,38,3.378682531948216e-04,3.400014637041261e-07,2.961155891474202e-04,4.254421607999332e-07,4.398142989066289e-07,7.825894368230133e-07,360,171
1.750000000000000e+03,FXY,8,6.406128885572903e-04,1.880739181547529e-06,3.425612959463314e-04,2.350380229989776e-06,2.068780227604137e-06,2.162944698934566e-06,360,171
1.800000000000000e+03,FR,18,9.243644026955792e-03,3.235830934129181e-03,4.563464391063017e-07,6.303122123418070e-03,9.233371266846596e-03,4.553985031696286e-04,360,171
1.800000000000000e+03,FT,6,7.021919842001149e-03,5.765655326870341e-03,1.032999339767802e-06,7.021919842001149e-03,6.625561635413378e-03,3.512156366650358e-04,360,171
1.800000000000000e+03,FXY,12,1.136455946951266e-02,6.611609727028333e-03,1.129309394473328e-06,9.435926386434548e-03,1.136455946951266e-02,8.066141398346646e-04,360,171
1.850000000000000e+03,FR,34,2.642479509542093e-04,1.802919870572106e-06,2.172923607677145e-06,2.160247258242499e-06,1.614233526914927e-06,3.382321180474521e-07,360,171
1.850000000000000e+03,FT,46,1.100164702358881e-04,1.201316034800241e-06,2.344768703971201e-07,1.095749275666643e-06,8.042873955560494e-07,7.041279644245365e-08,360,171
1.850000000000000e+03,FXY,4,2.824464772960573e-04,2.166490312734380e-06,2.185538013293726e-06,2.422258180266548e-06,1.803504392583100e-06,4.086449144899057e-07,360,171
1.900000000000000e+03,FR,8,8.900714444890856e-03,1.399218457543316e-06,4.963168319384859e-03,2.135989446079827e-06,1.845205801648952e-06,3.027919670212704e-04,360,171
1.900000000000000e+03,FT,8,5.827362755847027e-03,6.967381496732384e-07,5.709783795945915e-03,8.360278782491641e-07,1.350925712530630e-06,2.195962269618767e-04,360,171
1.900000000000000e+03,FXY,8,1.063865002327465e-02,1.563091917047742e-06,7.565359922898056e-03,2.293772771434478e-06,2.286872259487910e-06,5.223881939831473e-04,360,171
1.950000000000000e+03,FR,0,9.396618484877122e-04,9.396618484877122e-04,1.679281461848475e-06,7.218925317199938e-04,7.323353274860946e-04,4.948435300813493e-06,360,171
1.950000000000000e+03,FT,42,6.538505634463132e-04,6.400451473382022e-04,6.115076112015829e-07,5.525552478869091e-04,5.181148373839158e-04,3.597498097763485e-06,360,171
1.950000000000000e+03,FXY,0,1.136935433582103e-03,1.136935433582103e-03,1.787156340857010e-06,9.090908256717069e-04,8.970830600348704e-04,8.545933398576975e-06,360,171
2.000000000000000e+03,FR,4,6.226284466692862e-03,6.273468840018740e-07,1.937591250876763e-06,2.049806414899059e-06,4.285581719479442e-07,1.397243333005900e-04,360,171
2.000000000000000e+03,FT,4,4.416156942385241e-03,9.213243427371473e-07,6.987619460443213e-07,1.409692567770582e-06,6.444829894995936e-07,1.144906386739772e-04,360,171
2.000000000000000e+03,FXY,4,7.633417347424296e-03,1.114631175495687e-06,2.059739816752064e-06,2.487757921138822e-06,7.739641015562007e-07,2.542149719745671e-04,360,171
2.050000000000000e+03,FR,32,3.172721701066842e-04,1.651042282163775e-06,1.678235310079746e-04,1.325186581808923e-06,1.106593771291361e-06,3.649358122243987e-07,360,171
2.050000000000000e+03,FT,26,1.856481088263237e-04,6.285436558094630e-07,9.119196326288776e-05,8.558499715511870e-07,8.400532268734831e-07,1.635297283664911e-07,360,171
2.050000000000000e+03,FXY,32,3.609917013810849e-04,1.766637411794195e-06,1.909992453485733e-04,1.577529286704556e-06,1.389330485752540e-06,5.284655405908897e-07,360,171
2.100000000000000e+03,FR,0,6.322209110962417e-03,6.322209110962417e-03,1.979178248011826e-06,4.827826300657416e-03,3.907664184446823e-03,1.426238383773409e-04,360,171
2.100000000000000e+03,FT,36,3.668290637659178e-03,3.414751500471362e-03,1.381968606921131e-06,3.083020502311111e-03,1.848452843028219e-03,7.951839089317978e-05,360,171
2.100000000000000e+03,FXY,0,7.185461422393667e-03,7.185461422393667e-03,2.413914614877398e-06,5.728256471823701e-03,4.322802018518494e-03,2.221422292705208e-04,360,171
2.150000000000000e+03,FR,40,2.870392163413757e-04,5.107406896576231e-07,1.499406625445720e-06,8.800648731927123e-07,2.026743845341446e-07,3.831563096693873e-07,360,171
2.150000000000000e+03,FT,34,1.193561565038279e-04,3.308411962412818e-07,8.279895620786402e-07,3.848327308490528e-07,4.163041233321725e-07,6.280332317364063e-08,360,171
2.150000000000000e+03,FXY,40,3.045766702684406e-04,6.085326196698964e-07,1.712830097628396e-06,9.605261119617959e-07,4.630183897532181e-07,4.459596328430281e-07,360,171
2.200000000000000e+03,FR,8,3.030417283484368e-03,3.316115161602904e-08,2.972119525400359e-03,6.697384540778868e-07,1.408121038929830e-06,3.862094022986775e-05,360,171
2.200000000000000e+03,FT,32,1.750141074079575e-03,1.184228852886423e-06,1.252751726436339e-03,5.316375091386013e-07,1.165160832365455e-06,1.710561652695886e-05,360,171
2.200000000000000e+03,FXY,2,3.225349804494899e-03,1.184693056443396e-06,3.225349804494899e-03,8.550953385405243e-07,1.827677385523874e-06,5.572655675682660e-05,360,171
2.250000000000000e+03,FR,30,6.096200236031207e-04,3.367944257827100e-04,7.034501775313759e-07,3.639901481540011e-04,2.750275859676783e-04,1.858227332199923e-06,360,171
2.250000000000000e+03,FT,18,3.758492074021631e-04,2.796415711955490e-04,7.426891655054070e-07,2.963908313896324e-04,3.193079441963189e-04,1.166054000881834e-06,360,171
2.250000000000000e+03,FXY,30,7.121958107450155e-04,4.377555180451991e-04,1.022951293477867e-06,4.693999924211857e-04,4.214234643088686e-04,3.024281333081759e-06,360,171
2.300000000000000e+03,FR,10,2.795238342941118e-03,5.285077137793670e-07,5.561601304458057e-07,6.492191115321336e-07,9.616429415112096e-07,3.016896292473198e-05,360,171
2.300000000000000e+03,FT,16,1.582832986614073e-03,4.477098563623541e-07,2.798009220517202e-07,4.965014834132542e-07,7.817116794767892e-07,1.648583143301449e-05,360,171
2.300000000000000e+03,FXY,10,3.202831706748727e-03,6.926503584120151e-07,6.225774222363740e-07,8.173121666842693e-07,1.239286204550327e-06,4.665479435774648e-05,360,171
2.350000000000000e+03,FR,50,2.631337077345002e-04,1.678609721604295e-06,1.470073838748548e-04,1.411195658325775e-06,9.265744014084789e-07,2.686848029764581e-07,360,171
2.350000000000000e+03,FT,14,9.411665673931529e-05,5.804052720612233e-07,7.371361124621878e-05,1.271484702215910e-06,8.772292896256005e-07,5.164459102002580e-08,360,171
2.350000000000000e+03,FXY,56,2.759772651253040e-04,1.776119612329336e-06,1.644532377202942e-04,1.899512183179302e-06,1.275958991473675e-06,3.203293939964839e-07,360,171
2.400000000000000e+03,FR,6,2.721089699415077e-03,2.512748081675174e-03,5.800973167533194e-07,2.721089699415077e-03,1.587092813667054e-03,2.378955323650718e-05,360,171
2.400000000000000e+03,FT,0,1.423587168612973e-03,1.423587168612973e-03,5.578729573906435e-07,1.340869895223347e-03,1.061749587003422e-03,1.201514605726412e-05,360,171
2.400000000000000e+03,FXY,6,3.033522907145931e-03,2.887992962006967e-03,8.048199385528316e-07,3.033522907145931e-03,1.909496212275778e-03,3.580469929377131e-05,360,171
2.450000000000000e+03,FR,58,1.869747526319308e-04,3.428159389160061e-07,1.096022358760733e-06,6.203841772986376e-07,1.411053709374778e-06,1.342503325023483e-07,360,171
2.450000000000000e+03,FT,58,4.570716448743313e-05,4.029231030278585e-07,6.674539422270371e-07,5.458436047565398e-07,3.821747880247831e-07,1.105068643470353e-08,360,171
2.450000000000000e+03,FXY,58,1.924803964232539e-04,5.290272156784197e-07,1.283261382531966e-06,8.263303021771142e-07,1.461892656573015e-06,1.453010189370519e-07,360,171
2.500000000000000e+03,FR,32,1.328183320108299e-03,7.095363189961310e-07,1.049630610475961e-03,3.584355460624421e-07,7.624620859242893e-07,6.833896976855705e-06,360,171
2.500000000000000e+03,FT,32,1.080442043603267e-03,7.020332649525324e-07,8.337944305654950e-04,5.340086508346296e-07,6.461199940614862e-07,5.633953282162628e-06,360,171
2.500000000000000e+03,FXY,32,1.712140748127767e-03,9.981445251437750e-07,1.340499000704654e-03,6.431495003864205e-07,9.994095652924447e-07,1.246785025901833e-05,360,171
2.550000000000000e+03,FR,18,3.623370079748741e-04,2.517257330945921e-04,7.398533750240793e-07,2.432970982312181e-04,3.086712519780919e-04,8.065129036120274e-07,360,171
2.550000000000000e+03,FT,6,2.312706609856484e-04,1.998154685789668e-04,3.575341382071052e-07,2.312706609856484e-04,2.159366361629722e-04,4.428985005036690e-07,360,171
2.550000000000000e+03,FXY,18,4.156344662681873e-04,3.213908308982102e-04,8.217138653558295e-07,3.356778167238188e-04,3.767048879893949e-04,1.249411404115696e-06,360,171
2.600000000000000e+03,FR,22,1.599687673694817e-03,9.507669184918239e-07,4.224146127687992e-07,1.516509400819106e-06,1.535665398563951e-06,8.571674636567249e-06,360,171
2.600000000000000e+03,FT,22,1.087914310201045e-03,4.747008622488837e-07,4.496775624892474e-07,6.630918760418902e-07,3.687188031339694e-07,5.667067478022357e-06,360,171
2.600000000000000e+03,FXY,22,1.934569254307364e-03,1.062684638977280e-06,6.169635445363733e-07,1.655140960415601e-06,1.579310536953111e-06,1.423874211458961e-05,360,171
2.650000000000000e+03,FR,44,1.371313673813056e-04,3.852852302102984e-07,6.424272386636894e-05,4.856695497379508e-07,6.553493656134838e-07,8.426563980450294e-08,360,171
2.650000000000000e+03,FT,32,3.633226437441708e-05,4.162693890676380e-07,2.292058967640718e-05,5.648370176856348e-07,6.191995168358260e-07,5.462097952410396e-09,360,171
2.650000000000000e+03,FXY,44,1.397027194505140e-04,5.672079979098913e-07,6.820909764015906e-05,7.449266863864296e-07,9.016045877543637e-07,8.972773775691329e-08,360,171
2.700000000000000e+03,FR,12,1.527538155034230e-03,9.477087972815964e-04,6.525017620877034e-07,1.221746774124805e-03,1.527538155034230e-03,9.151971448499677e-06,360,171
2.700000000000000e+03,FT,12,1.000994292318762e-03,5.747749955271892e-04,6.362127467307623e-07,7.833242716858066e-04,1.000994292318762e-03,5.427730065203052e-06,360,171
2.700000000000000e+03,FXY,12,1.826297453412263e-03,1.108385429319698e-03,9.113315580129216e-07,1.451296694234665e-03,1.826297453412263e-03,1.457970151370273e-05,360,171
2.750000000000000e+03,FR,46,1.565531339761176e-04,1.712322935731998e-06,6.876354615933071e-08,1.625488521718674e-06,1.364800247523494e-06,8.885986595297586e-08,360,171
2.750000000000000e+03,FT,10,4.476348165592301e-05,4.579636495192837e-07,8.779149884286165e-07,4.831244491272291e-07,5.383546420941947e-07,1.118497383122849e-08,360,171
2.750000000000000e+03,FXY,46,1.616891263635696e-04,1.772506852036085e-06,8.806038565598178e-07,1.695765953067713e-06,1.467141927798588e-06,1.000448397842043e-07,360,171
2.800000000000000e+03,FR,2,1.286699548212177e-03,7.578699763535532e-07,1.286699548212177e-03,1.356440387651688e-06,2.384799654743661e-06,7.352986462013087e-06,360,171
2.800000000000000e+03,FT,8,1.039676702153414e-03,5.279028629583197e-07,8.417558919719420e-04,7.844802654870106e-07,7.759892137399150e-07,6.025480268588774e-06,360,171
2.800000000000000e+03,FXY,2,1.537578846446224e-03,9.236061572866033e-07,1.537578846446224e-03,1.566952396274766e-06,2.507873332747525e-06,1.337846673060186e-05,360,171
2.850000000000000e+03,FR,36,2.482574120237922e-04,1.831931528455367e-04,6.864136073829283e-07,1.520929378146516e-04,9.654606027446945e-05,2.980219529627479e-07,360,171
2.850000000000000e+03,FT,36,1.365953393385901e-04,1.242258069043860e-04,4.990027841250153e-07,1.149747817778096e-04,9.621435748819952e-05,1.378684733826408e-07,360,171
2.850000000000000e+03,FXY,36,2.833549529367283e-04,2.213408736553960e-04,8.486267842608796e-07,1.906605941927865e-04,1.363024003507955e-04,4.358904263453887e-07,360,171
2.900000000000000e+03,FR,10,1.499692924572490e-03,1.094223041939503e-06,1.915107785098043e-06,1.082196223327782e-06,2.870197025786550e-07,8.408012032855620e-06,360,171
2.900000000000000e+03,FT,4,9.544143976361577e-04,4.147136694891455e-07,4.524209797863459e-07,2.263725205777458e-07,2.926068875211663e-07,5.405416841850838e-06,360,171
2.900000000000000e+03,FXY,10,1.730701676565812e-03,1.170175838569782e-06,1.967821783468709e-06,1.105618914390323e-06,4.098769331069559e-07,1.381342887470646e-05,360,171
2.950000000000000e+03,FR,44,9.737611081336131e-05,5.226266518748849e-07,4.759668301346891e-05,1.316403423830484e-06,1.471835749769187e-06,4.276331554956925e-08,360,171
2.950000000000000e+03,FT,50,1.718804804781149e-05,8.509089125883232e-08,1.675102816627608e-05,1.101635180315831e-07,2.300680277996423e-07,1.781502752432112e-09,360,171
2.950000000000000e+03,FXY,44,9.885637185943568e-05,5.295083351800749e-07,5.045831129270989e-05,1.321004911034670e-06,1.489708619735498e-06,4.454481830200136e-08,360,171
3.000000000000000e+03,FR,0,1.038763727199246e-03,1.038763727199246e-03,5.682813831262551e-07,8.280010020273923e-04,5.343641786686798e-04,3.553829741785593e-06,360,171
3.000000000000000e+03,FT,0,6.981806419755929e-04,6.981806419755929e-04,1.437142773577583e-07,6.471520474032976e-04,5.849133823017707e-04,3.008599821496537e-06,360,171
3.000000000000000e+03,FXY,0,1.251593500212557e-03,1.251593500212557e-03,5.861719235210368e-07,1.050900295849538e-03,7.922554766235133e-04,6.562429563282128e-06,360,171
3.050000000000000e+03,FR,28,1.009365973038750e-04,1.087758933952775e-06,1.084671816911732e-06,1.212779053031279e-06,2.669179096548682e-07,4.106092576813739e-08,360,171
3.050000000000000e+03,FT,34,2.917128388453338e-05,4.622384321807248e-07,3.065901882204079e-07,5.400872777904279e-07,7.711603932537225e-07,4.900862982220228e-09,360,171
3.050000000000000e+03,FXY,28,1.047979929717363e-04,1.181898416353526e-06,1.127169239251862e-06,1.327602086132182e-06,8.160475002215007e-07,4.596178875035763e-08,360,171
3.100000000000000e+03,FR,8,7.955175863013142e-04,1.501230506112544e-06,7.338705010667792e-04,1.849938177641608e-06,1.748083916423526e-06,2.675394062887084e-06,360,171
3.100000000000000e+03,FT,2,5.184678372620285e-04,8.994383141214896e-07,5.184678372620285e-04,8.445947285608719e-07,5.617159692966295e-07,1.722146069476500e-06,360,171
3.100000000000000e+03,FXY,8,9.346024637762098e-04,1.750052088765541e-06,8.985403778412915e-04,2.033620298042082e-06,1.836116066326273e-06,4.397540132363585e-06,360,171
3.150000000000000e+03,FR,24,1.901917822789712e-04,6.086273638618847e-05,8.537479264494511e-07,6.544377120133164e-05,1.327178895597691e-04,1.655874578095724e-07,360,171
3.150000000000000e+03,FT,24,1.013722801042366e-04,7.765608220180416e-05,7.334895231004306e-07,7.914615690869462e-05,9.056351534785591e-05,8.048653090183628e-08,360,171
3.150000000000000e+03,FXY,24,2.155208881291634e-04,9.866478492019346e-05,1.125563149012455e-06,1.026985946469958e-04,1.606729240455915e-04,2.460739887114087e-07,360,171
3.200000000000000e+03,FR,52,5.492681789482317e-04,2.760413186396939e-07,1.597975993188987e-06,9.988529820071725e-07,1.547618714493811e-06,1.237424989485911e-06,360,171
3.200000000000000e+03,FT,4,3.057332968993898e-04,5.895611470460561e-07,1.071003768266023e-06,7.665423486852899e-07,1.084653268613316e-06,5.776795066624847e-07,360,171
3.200000000000000e+03,FXY,52,5.908099184158232e-04,6.509847584257272e-07,1.923688214458973e-06,1.259084767596122e-06,1.889866767411139e-06,1.815104496148396e-06,360,171
3.250000000000000e+03,FR,26,1.050046262228880e-04,9.755122353062344e-07,4.665648003088063e-05,9.298622783022948e-07,9.664868043918946e-07,6.444748044178230e-08,360,171
3.250000000000000e+03,FT,2,9.592565565955448e-06,5.298170497766093e-07,9.592565565955448e-06,6.691992589172215e-07,6.025171332018681e-07,5.369179455527945e-10,360,171
3.250000000000000e+03,FXY,26,1.050457156820179e-04,1.110103701221717e-06,4.763238859231308e-05,1.145631487322556e-06,1.138913358805425e-06,6.498439838733507e-08,360,171
3.300000000000000e+03,FR,42,4.664160434097116e-04,2.497815866596319e-04,1.322419805722416e-06,1.854967259026195e-04,1.258017877593956e-04,7.857858755960176e-07,360,171
3.300000000000000e+03,FT,18,1.964140628722662e-04,1.692057416528712e-04,9.849131075781223e-07,1.648727384742260e-04,1.713357879641885e-04,3.072014122367214e-07,360,171
3.300000000000000e+03,FXY,42,4.911277835665713e-04,3.016975704948606e-04,1.648892953483065e-06,2.481774671733558e-04,2.125606784915060e-04,1.092987287832739e-06,360,171
3.350000000000000e+03,FR,40,8.168906139229520e-05,2.475638826401021e-07,6.596330556478712e-07,1.518307747025671e-06,1.910952185151349e-06,3.423647477752140e-08,360,171
3.350000000000000e+03,FT,58,1.443231678160059e-05,7.052168841541472e-07,5.576141491885906e-07,8.383589059819732e-07,5.210556973944247e-07,1.202742791363705e-09,360,171
3.350000000000000e+03,FXY,40,8.201221458438802e-05,7.474080075058911e-07,8.637414587008449e-07,1.734388673255640e-06,1.980716358725273e-06,3.543921756888511e-08,360,171
3.400000000000000e+03,FR,26,7.285636852094086e-04,1.602792195136572e-06,5.863264650079172e-05,2.254052566453602e-06,1.683273989945923e-06,1.863143044592204e-06,360,171
3.400000000000000e+03,FT,26,1.829115595800903e-04,8.890475427881854e-07,1.002434679283193e-04,1.007288962005605e-06,6.708106573551581e-07,1.982886353567747e-07,360,171
3.400000000000000e+03,FXY,26,7.511735365639123e-04,1.832852518379049e-06,1.161315637455330e-04,2.468883153434848e-06,1.812014973241040e-06,2.061431679948979e-06,360,171
3.450000000000000e+03,FR,42,1.361671038967724e-04,7.786724332885410e-05,1.629775211814519e-06,7.538448188534044e-05,9.495772675771558e-05,8.874252023674427e-08,360,171
3.450000000000000e+03,FT,6,6.556369017294643e-05,6.367430990219562e-05,1.084784664137662e-06,6.556369017294643e-05,6.363709812171809e-05,3.767860408919998e-08,360,171
3.450000000000000e+03,FXY,42,1.486488084475427e-04,1.005869043422444e-04,1.957785741237616e-06,9.990704468762618e-05,1.143094489897758e-04,1.264211243259442e-07,360,171
3.500000000000000e+03,FR,10,5.316701300750882e-04,1.622334427870742e-06,2.399538613943745e-06,1.158113788076941e-06,2.575221892564397e-07,1.166839699759319e-06,360,171
3.500000000000000e+03,FT,22,1.823577293959929e-04,8.860859750139386e-07,1.031922980164878e-06,6.195104281319025e-07,5.544045771450750e-07,1.971582513833775e-07,360,171
3.500000000000000e+03,FXY,10,5.579268151171824e-04,1.848544657553907e-06,2.612020405126927e-06,1.313400440344869e-06,6.112954384901288e-07,1.363997951142696e-06,360,171
3.550000000000000e+03,FR,44,8.970045457941342e-05,9.344013536525318e-07,3.689331898436131e-05,6.207243392015578e-07,4.761178418737725e-07,3.402443105100776e-08,360,171
3.550000000000000e+03,FT,26,2.148795131426420e-05,8.790369472240905e-07,1.817312606011160e-05,5.867897459322600e-07,8.199894553814091e-07,3.086018697247098e-09,360,171
3.550000000000000e+03,FXY,44,9.121833797251585e-05,1.282891984655268e-06,4.112638443236338e-05,8.541785007880125e-07,9.481934962270299e-07,3.711044974825486e-08,360,171
3.600000000000000e+03,FR,18,4.614892135279706e-04,1.312259747875026e-04,1.278142473779891e-06,1.537463218041056e-04,3.061464954112278e-04,1.247297008382549e-06,360,171
3.600000000000000e+03,FT,18,1.961324878629152e-04,3.238050595988597e-05,7.707307200745139e-07,9.716995753447855e-05,1.595097101152648e-04,1.825450516217379e-07,360,171
3.600000000000000e+03,FXY,18,5.014381786401604e-04,1.351619533195214e-04,1.492539455474045e-06,1.818788940903918e-04,3.452086677266849e-04,1.429842060004286e-06,360,171
3.650000000000000e+03,FR,4,5.464584122497064e-05,2.688369761200068e-06,9.547312679887453e-07,1.926031483285787e-06,1.379848271096697e-06,1.554525061356971e-08,360,171
3.650000000000000e+03,FT,28,7.954900343397561e-06,8.464447025063418e-07,7.733477396713429e-07,7.281104024954242e-07,6.538598741657778e-07,2.703576161720206e-10,360,171
3.650000000000000e+03,FXY,4,5.472110137110564e-05,2.818474872574876e-06,1.228649063211368e-06,2.059063387278327e-06,1.526929594412470e-06,1.581560822974174e-08,360,171
3.700000000000000e+03,FR,8,4.992625513885801e-04,1.662388563292780e-06,4.728168851268135e-04,4.965018874000757e-07,5.936410863435030e-08,9.689298886977107e-07,360,171
3.700000000000000e+03,FT,14,1.763023143599914e-04,5.416993787227943e-07,1.063317690127233e-04,3.601360096638113e-07,5.391664357291553e-07,1.529675978780264e-07,360,171
3.700000000000000e+03,FXY,8,5.239191602172766e-04,1.748420416340215e-06,4.846258886629948e-04,6.133612880255896e-07,5.424246886073977e-07,1.121897486575737e-06,360,171
3.750000000000000e+03,FR,60,1.062467807629365e-04,6.212181970063592e-05,2.412503869436295e-06,9.108097885120979e-05,4.984451465964053e-05,4.470030666616790e-08,360,171
3.750000000000000e+03,FT,24,2.470955803092205e-05,2.404385142348661e-05,7.426870805245097e-07,2.046812640502786e-05,1.980121427174759e-05,4.858374051833846e-09,360,171
3.750000000000000e+03,FXY,60,1.077399385651944e-04,6.661251589748744e-05,2.524234343246109e-06,9.335249812954512e-05,5.363360633307050e-05,4.955868071800174e-08,360,171
3.800000000000000e+03,FR,46,3.941510257438105e-04,1.018257252356679e-06,9.828789018793104e-07,1.719979534581266e-06,1.730866657465524e-06,8.177862175842642e-07,360,171
3.800000000000000e+03,FT,10,2.009814105806039e-04,6.616050064889158e-07,1.496807355830477e-07,3.446863376311415e-07,3.276067643469704e-07,2.454046083458566e-07,360,171
3.800000000000000e+03,FXY,52,4.267173368287076e-04,1.214318334123376e-06,9.942108721816320e-07,1.754177377213592e-06,1.761597450603221e-06,1.063190825930121e-06,360,171
3.850000000000000e+03,FR,38,1.228072174692316e-04,5.772194304718232e-07,5.605928587077282e-05,6.872363568579437e-07,1.750439348626298e-06,7.865922173489476e-08,360,171
3.850000000000000e+03,FT,8,1.093420647078766e-05,5.366436501610543e-07,9.864609665432282e-06,2.568142641293951e-07,2.625624821884973e-07,7.417176799580770e-10,360,171
3.850000000000000e+03,FXY,38,1.229579944997745e-04,7.881425493985184e-07,5.692059430638764e-05,7.336534443779990e-07,1.770021742881212e-06,7.940093941485282e-08,360,171
3.900000000000000e+03,FR,60,5.287114609680642e-04,1.295959968973815e-04,2.069643282421158e-06,2.507919882643750e-04,2.910359739051828e-04,1.391922927068276e-06,360,171
3.900000000000000e+03,FT,12,1.528266215834317e-04,1.252192961518596e-04,5.131762323816635e-07,1.464898201060048e-04,1.528266215834317e-04,1.503586158570417e-07,360,171
3.900000000000000e+03,FXY,60,5.397733422534181e-04,1.802081977619033e-04,2.132316384111997e-06,2.904408524506979e-04,3.287216366038957e-04,1.542281542925317e-06,360,171
3.950000000000000e+03,FR,58,7.777129020883519e-05,1.527304169779967e-06,8.821973709566817e-07,5.588521604161293e-07,3.506357490296330e-07,3.440568321081967e-08,360,171
3.950000000000000e+03,FT,34,8.599422015728256e-06,3.261154895637007e-07,1.659606734753069e-07,4.292531180147177e-07,9.012816620921244e-07,4.056096419008679e-10,360,171
3.950000000000000e+03,FXY,58,7.787019493514660e-05,1.561732800308889e-06,8.976720706712771e-07,7.046800525963059e-07,9.670853441765695e-07,3.481129285272053e-08,360,171
4.000000000000000e+03,FR,44,6.108477912866203e-04,1.291703963927449e-06,1.285790010143400e-04,5.428085500665380e-07,4.924319145761546e-07,1.377568810194255e-06,360,171
4.000000000000000e+03,FT,2,1.697974725235178e-04,4.462098437565855e-07,1.697974725235178e-04,6.299022434273173e-07,5.454302010718422e-07,2.042254538197955e-07,360,171
4.000000000000000e+03,FXY,44,6.308832261266658e-04,1.366602486127974e-06,2.129876549878429e-04,8.315154588461388e-07,7.348355562535114e-07,1.581794264014051e-06,360,171
4.050000000000000e+03,FR,54,1.312090341006119e-04,2.329647662630150e-05,5.802501741291510e-07,4.304245499437673e-05,5.133069473178838e-05,8.469290590573601e-08,360,171
4.050000000000000e+03,FT,12,1.583856277928751e-05,1.257039493523668e-05,6.693189043728944e-07,1.433579649579898e-05,1.583856277928751e-05,1.891580691438326e-09,360,171
4.050000000000000e+03,FXY,54,1.318419459544300e-04,2.647150641780018e-05,8.858205576344692e-07,4.536703641535238e-05,5.371871454680835e-05,8.658448659717433e-08,360,171
4.100000000000000e+03,FR,16,5.215756918594122e-04,1.774317027784892e-06,7.985677459634402e-07,9.265446014913180e-07,1.606381949069580e-06,1.762310188356392e-06,360,171
4.100000000000000e+03,FT,40,1.276982816845756e-04,4.079114237954318e-07,2.796649255672415e-07,9.078605558781080e-08,2.126516772868756e-07,1.227873543567691e-07,360,171
4.100000000000000e+03,FXY,16,5.306366403416589e-04,1.820602275278768e-06,8.461222816388068e-07,9.309817433451090e-07,1.620396155929007e-06,1.885097542713162e-06,360,171
4.150000000000000e+03,FR,26,5.346737411443534e-05,1.656889635791605e-06,4.247837251421933e-05,1.213361600581606e-06,7.998279900613421e-07,1.727384309651329e-08,360,171
4.150000000000000e+03,FT,8,3.184735566691522e-06,5.725672810584697e-07,2.675417225302407e-06,3.238261812651265e-07,2.590441994468529e-07,5.183839777300760e-11,360,171
4.150000000000000e+03,FXY,26,5.350320047911845e-05,1.753030677578783e-06,4.256254208557366e-05,1.255830310766033e-06,8.407310574450233e-07,1.732568149428629e-08,360,171
4.200000000000000e+03,FR,42,7.156972629997912e-04,1.616116985905863e-04,9.447327987393725e-07,2.593681532901083e-04,3.011009105079000e-04,1.875740897743424e-06,360,171
4.200000000000000e+03,FT,24,1.161974667069454e-04,9.548116161304841e-05,4.356406204517370e-07,9.061990240551856e-05,1.006853926627171e-04,1.140311636171728e-07,360,171
4.200000000000000e+03,FXY,42,7.210542542557037e-04,1.877098648028696e-04,1.040337835129292e-06,2.747431630689048e-04,3.174890653303385e-04,1.989772061360597e-06,360,171
4.250000000000000e+03,FR,52,7.981463265942464e-05,6.958765446010548e-07,9.956269734641973e-07,1.316920934765795e-06,1.936278192017302e-06,2.378609404977020e-08,360,171
4.250000000000000e+03,FT,22,9.074115780340669e-06,7.002391468963388e-07,4.861094685193688e-07,5.038328146480919e-07,6.027352510970378e-07,6.607271280517133e-10,360,171
4.250000000000000e+03,FXY,52,8.022583661561793e-05,9.872076925206856e-07,1.107960055991939e-06,1.410010018950445e-06,2.027920861324919e-06,2.444682117782190e-08,360,171
4.300000000000000e+03,FR,32,6.660531478347390e-04,1.379692010882728e-07,1.649450335011995e-04,3.974198459897802e-07,3.844969573427615e-07,1.836311210246615e-06,360,171
4.300000000000000e+03,FT,14,1.028929284987640e-04,6.631265360788213e-07,8.368280243507218e-05,3.195290962996767e-07,2.530910963644594e-07,8.584608865964721e-08,360,171
4.300000000000000e+03,FXY,32,6.722082077976694e-04,6.773273236042029e-07,1.849585777954057e-04,5.099425235932268e-07,4.603183824971641e-07,1.922157298906262e-06,360,171
4.350000000000000e+03,FR,48,8.922162286303385e-05,3.340879858298079e-05,1.516487106322150e-06,4.870421588469936e-05,4.500572249809812e-05,3.605620106106668e-08,360,171
4.350000000000000e+03,FT,18,9.073389389766238e-06,8.945709607713330e-06,1.794235994095306e-07,8.935662038047667e-06,8.571731351039789e-06,7.421200653732421e-10,360,171
4.350000000000000e+03,FXY,48,8.955353063225478e-05,3.458574190535334e-05,1.527064494926917e-06,4.951713542806780e-05,4.581473164747572e-05,3.679832112643993e-08,360,171
4.400000000000000e+03,FR,16,3.483872400738329e-04,5.028867732795541e-07,1.802142091223180e-07,8.565599291021391e-07,9.494462371688553e-07,5.838524344827186e-07,360,171
4.400000000000000e+03,FT,52,7.345519475272746e-05,9.541802235476378e-08,3.701785309438793e-07,2.324879520886329e-07,5.173219412374552e-07,3.746407102792172e-08,360,171
4.400000000000000e+03,FXY,16,3.534549723989081e-04,5.118590682303243e-07,4.117150785936206e-07,8.875503140722943e-07,1.081235473039887e-06,6.213165055106406e-07,360,171
4.450000000000000e+03,FR,38,4.755341231273679e-05,1.393923284184867e-06,1.015225625764399e-05,6.938136591560045e-07,8.311390756367301e-07,9.148609087905954e-09,360,171
4.450000000000000e+03,FT,38,8.056477390063074e-06,9.017238568273436e-07,6.716408042562421e-06,5.642111755214540e-07,6.442605199562422e-07,5.152444341165659e-10,360,171
4.450000000000000e+03,FXY,38,4.823104654184630e-05,1.660159039418906e-06,1.217285685922038e-05,8.942659806873711e-07,1.051600580365267e-06,9.663853522022517e-09,360,171
4.500000000000000e+03,FR,54,1.545018626397305e-04,6.300973624441897e-05,2.013680331574715e-07,9.535877485022221e-05,1.173984556104627e-04,1.561879998898323e-07,360,171
4.500000000000000e+03,FT,42,2.669897330684521e-05,2.416621061192946e-05,8.320876887996240e-08,2.182644651642267e-05,2.109050086790361e-05,5.315091444383963e-09,360,171
4.500000000000000e+03,FXY,54,1.552409098376975e-04,6.748505461901455e-05,2.178825004359633e-07,9.782479086851978e-05,1.192778546360590e-04,1.615030913342163e-07,360,171
