frequency_hz,total_index,total_index_db,relative_to_max_db,dominant_order,dominant_order_index,dominant_order_db,a_weighting_db,a_weighted_db
5.000000000000000e+01,3.900392551633248e-12,5.911083184185086e+00,-5.902547868091550e+01,0,3.899641899469122e-12,5.910247279944512e+00,-3.027497943696720e+01,-2.436389625278211e+01
1.000000000000000e+02,2.024937885402516e-06,6.306411705851590e+01,-1.872444806584679e+00,0,2.023484668990410e-06,6.306099918291168e+01,-1.914495371692692e+01,4.391916334158898e+01
1.500000000000000e+02,1.713791435924008e-10,2.233957968264733e+01,-4.259698218245325e+01,0,1.711718383713206e-10,2.233432314979141e+01,-1.398321306755446e+01,8.356366615092874e+00
2.000000000000000e+02,2.367745281741305e-06,6.374334979856505e+01,-1.193212066535540e+00,0,2.362798309987443e-06,6.373426651552854e+01,-1.084705311847818e+01,5.289629668008686e+01
2.500000000000000e+02,1.661074859362794e-10,2.220389205163968e+01,-4.273266981346090e+01,0,1.654836305684471e-10,2.218755040375194e+01,-8.674823700612684e+00,1.352906835102700e+01
3.000000000000000e+02,2.164744569081813e-07,5.335406658757379e+01,-1.158249527752679e+01,0,2.154949152519759e-07,5.333437027146118e+01,-7.054457479903803e+00,4.629960910766999e+01
3.500000000000000e+02,5.737590649733847e-11,1.758729560134546e+01,-4.734926626375513e+01,0,5.709714627157465e-11,1.756614402650766e+01,-5.789961137248008e+00,1.179733446409745e+01
4.000000000000000e+02,1.229241909273510e-06,6.089637358496116e+01,-4.040188280139423e+00,0,1.220779682055178e-06,6.086637292526967e+01,-4.773881852291790e+00,5.612249173266937e+01
4.500000000000000e+02,3.144801023859809e-10,2.497593172206269e+01,-3.996063014303790e+01,0,3.120639176433850e-10,2.494243556315831e+01,-3.940829320550013e+00,2.103510240151267e+01
5.000000000000000e+02,2.066107654412420e-06,6.315152946660463e+01,-1.785032398495951e+00,0,2.049598882161245e-06,6.311668875539109e+01,-3.247793172739751e+00,5.990373629386488e+01
5.500000000000000e+02,2.587890409822585e-10,2.412945881186363e+01,-4.080710305323695e+01,0,2.560925169824546e-10,2.408396888578904e+01,-2.664789209990784e+00,2.146466960187285e+01
6.000000000000000e+02,1.279448530817977e-07,5.107022819936894e+01,-1.386633366573165e+01,0,1.265846776788697e-07,5.102381140102835e+01,-2.169983154143462e+00,4.890024504522548e+01
6.500000000000000e+02,5.903665588902228e-12,7.711217490508075e+00,-5.722534437459251e+01,0,5.863637874054591e-12,7.681671413472503e+00,-1.746945856842636e+00,5.964271633665438e+00
7.000000000000000e+02,1.392136015001101e-06,6.143681668951751e+01,-3.499745175583076e+00,0,1.373060554400925e-06,6.137689690814515e+01,-1.383004563576354e+00,6.005381212594115e+01
7.500000000000000e+02,5.957680718661844e-11,1.775077224988654e+01,-4.718578961521405e+01,0,5.871586478639750e-11,1.768755461695344e+01,-1.068196073228137e+00,1.668257617665840e+01
8.000000000000000e+02,6.111099183204742e-08,4.786119332381087e+01,-1.707536854128971e+01,0,6.049127946973401e-08,4.781692770501212e+01,-7.945699681277199e-01,4.706662335568316e+01
8.500000000000000e+02,1.259102319702967e-10,2.100061024052883e+01,-4.393595162457176e+01,0,1.238873427685585e-10,2.093026937961482e+01,-5.557061022980627e-01,2.044490413823076e+01
9.000000000000000e+02,1.092168384542303e-07,5.038289600676407e+01,-1.455366585833651e+01,0,1.071712081589004e-07,5.030078126614227e+01,-3.463693115513569e-01,5.003652669521271e+01
9.500000000000000e+02,3.524373157272360e-11,1.547081884860492e+01,-4.946574301649566e+01,0,3.477106236018742e-11,1.541217959884262e+01,-1.622555935197245e-01,1.530856325508520e+01
1.000000000000000e+03,1.089956939290930e-06,6.037409340694991e+01,-4.562468458150676e+00,0,1.069529822476597e-06,6.029192898824751e+01,1.985870691325609e-04,6.037429199401905e+01
1.050000000000000e+03,4.332704991094036e-11,1.636759119428635e+01,-4.856897067081423e+01,0,4.242369766572819e-11,1.627608519103581e+01,1.439621214312927e-01,1.651155331571765e+01
1.100000000000000e+03,9.602934252283510e-08,4.982403955421306e+01,-1.511252231088752e+01,0,9.427751897547958e-08,4.974408145029245e+01,2.715223818781753e-01,5.009556193609124e+01
1.150000000000000e+03,6.433695154058961e-10,2.808460479001987e+01,-3.685195707508071e+01,0,6.265741705559258e-10,2.796972487870548e+01,3.849740242933870e-01,2.846957881431326e+01
1.200000000000000e+03,4.906398892185102e-08,4.690762853620177e+01,-1.802893332889881e+01,0,4.768415898269408e-08,4.678374127278808e+01,4.860893877004284e-01,4.739371792390220e+01
1.250000000000000e+03,1.283848816931700e-10,2.108513885229693e+01,-4.385142301280365e+01,0,1.248816269151486e-10,2.096498547931276e+01,5.763747729664566e-01,2.166151362526339e+01
1.300000000000000e+03,1.712018086291837e-07,5.233508348387427e+01,-1.260147838122631e+01,0,1.652052672004550e-07,5.218023889713336e+01,6.571157590768688e-01,5.299219924295114e+01
1.350000000000000e+03,4.442970231491904e-10,2.647673403418203e+01,-3.845982783091855e+01,0,4.279986978360660e-10,2.631442447696650e+01,7.294139250460800e-01,2.720614795922812e+01
1.400000000000000e+03,1.411502928168701e-07,5.149681783429584e+01,-1.343974403080475e+01,0,1.359019131987841e-07,5.133225570682650e+01,7.942167773989661e-01,5.229103461169480e+01
1.450000000000000e+03,1.530484748224913e-09,3.184829006070064e+01,-3.308827180439994e+01,0,1.463874147334481e-09,3.165503741020460e+01,8.523422671370897e-01,3.270063232783774e+01
1.500000000000000e+03,8.804794419286279e-08,4.944719220199734e+01,-1.548936966310325e+01,0,8.408920317842073e-08,4.924740237164756e+01,9.044989706401456e-01,5.035169117263749e+01
1.550000000000000e+03,1.113592265738082e-10,2.046726205959970e+01,-4.446929980550088e+01,0,1.060707213675757e-10,2.025595522419056e+01,9.513027756713597e-01,2.141856483527106e+01
1.600000000000000e+03,3.116421461623049e-06,6.493656186510059e+01,0.000000000000000e+00,0,2.951699654256551e-06,6.470072164419599e+01,9.932907358086231e-01,6.592985260090921e+01
1.650000000000000e+03,1.405450450606042e-08,4.147815539087749e+01,-2.345840647422310e+01,0,1.327464802931830e-08,4.123023014804254e+01,1.030932619728476e+00,4.250908801060596e+01
1.700000000000000e+03,1.075078917307794e-06,6.031440345268680e+01,-4.622158412413783e+00,0,1.010964211102726e-06,6.004735781510178e+01,1.064640575521911e+00,6.137904402820872e+01
1.750000000000000e+03,3.153200532831112e-09,3.498751591278386e+01,-2.994904595231672e+01,0,2.958016180596545e-09,3.471000545294604e+01,1.094777247161902e+00,3.608229315994576e+01
1.800000000000000e+03,5.438755900841895e-09,3.735499567493912e+01,-2.758156619016146e+01,0,5.084097677440331e-09,3.706213885777690e+01,1.121662614896054e+00,3.847665828983517e+01
1.850000000000000e+03,2.470266215276382e-11,1.392743758763906e+01,-5.100912427746152e+01,0,2.305002407347142e-11,1.362671383303556e+01,1.145579779632781e+00,1.507301736727184e+01
1.900000000000000e+03,1.918305905684471e-07,5.282917863813459e+01,-1.210738322696599e+01,0,1.782244046953311e-07,5.250967172758210e+01,1.166779870265604e+00,5.399595850840020e+01
1.950000000000000e+03,4.791428403478743e-10,2.680465003032859e+01,-3.813191183477200e+01,0,4.443151476344804e-10,2.647691119502247e+01,1.185486220016211e+00,2.799013625034480e+01
2.000000000000000e+03,1.438776746630772e-08,4.157993410178202e+01,-2.335662776331856e+01,0,1.314873788799895e-08,4.118884068066579e+01,1.201897931497631e+00,4.278183203327965e+01
2.050000000000000e+03,3.781419738229173e-11,1.577654886799005e+01,-4.916001299711054e+01,0,3.481388357030077e-11,1.541752472553906e+01,1.216192928936451e+00,1.699274179692650e+01
2.100000000000000e+03,9.377892302930220e-09,3.972105240930907e+01,-2.521550945579150e+01,0,8.600126035653183e-09,3.934504815916546e+01,1.228530578788084e+00,4.094958298809716e+01
2.150000000000000e+03,3.435805922014283e-12,5.360286239081086e+00,-5.957627562601949e+01,0,3.143121174058241e-12,4.973611243234735e+00,1.239053946004888e+00,6.599340185085975e+00
2.200000000000000e+03,5.485823117425111e-09,3.739241800285524e+01,-2.754414386224535e+01,0,5.013316637839945e-09,3.700125135238211e+01,1.247891741826684e+00,3.864030974468192e+01
2.250000000000000e+03,1.634530124573497e-11,1.213392929086152e+01,-5.280263257423907e+01,0,1.505209080634455e-11,1.177596829670110e+01,1.255160009646827e+00,1.338908930050834e+01
2.300000000000000e+03,1.752099764757269e-09,3.243558831312665e+01,-3.250097355197393e+01,0,1.535270742002651e-09,3.186184973552296e+01,1.260963587861911e+00,3.369655190098856e+01
2.350000000000000e+03,9.805770911128467e-12,9.914817427552581e+00,-5.502174443754800e+01,0,8.868018742267009e-12,9.478266023105764e+00,1.265397382319416e+00,1.118021480987200e+01
2.400000000000000e+03,4.543034709231895e-10,2.657346054879847e+01,-3.836310131630211e+01,0,4.076688030637543e-10,2.610307478252114e+01,1.268547475780160e+00,2.784200802457863e+01
2.450000000000000e+03,4.781501398654369e-14,-1.320435712850684e+01,-7.814091899360741e+01,0,3.681841176492007e-14,-1.433934949580187e+01,1.270492097507415e+00,-1.193386503099942e+01
2.500000000000000e+03,2.800237563454638e-10,2.447194877099687e+01,-4.046461309410371e+01,0,2.546042140409005e-10,2.405865587532734e+01,1.271302472518457e+00,2.574325124351533e+01
2.550000000000000e+03,3.136666037985426e-12,4.964682816620617e+00,-5.997187904847997e+01,0,2.788334902766289e-12,4.453449350243744e+00,1.271043567054981e+00,6.235726383675599e+00
2.600000000000000e+03,1.184436873203392e-11,1.073511919132234e+01,-5.420144267377823e+01,0,8.336399966444588e-12,9.209785431738718e+00,1.269774744340045e+00,1.200489393566239e+01
2.650000000000000e+03,7.203453783110049e-13,-1.424592258878753e+00,-6.636115412397933e+01,0,6.506326123092411e-13,-1.866641719318507e+00,1.267550342604413e+00,-1.570419162743395e-01
2.700000000000000e+03,1.948180612709280e-11,1.289629217155999e+01,-5.204026969354059e+01,0,1.607367273954743e-11,1.206115121833364e+01,1.264420185614259e+00,1.416071235717425e+01
2.750000000000000e+03,3.156987983003878e-13,-5.007270712357642e+00,-6.994383257745822e+01,0,2.493417574784056e-13,-6.032049837352181e+00,1.260430034457950e+00,-3.746840677899693e+00
2.800000000000000e+03,3.970569270535992e-10,2.598852777122957e+01,-3.894803409387101e+01,0,3.565331780641251e-10,2.552099950400267e+01,1.255621988105125e+00,2.724414975933470e+01
2.850000000000000e+03,1.359315915130236e-12,1.333204017313191e+00,-6.360335784778739e+01,0,1.228168008198843e-12,8.925778052077605e-01,1.250034839198223e+00,2.583238856511413e+00
2.900000000000000e+03,1.108622151667181e-10,2.044783552093992e+01,-4.448872634416066e+01,0,8.493096606687230e-11,1.929066064095664e+01,1.243704390643441e+00,2.169153991158336e+01
2.950000000000000e+03,2.101474293050485e-13,-6.774759182707767e+00,-7.171132104780835e+01,0,1.914565726469218e-13,-7.179297198605996e+00,1.236663737808650e+00,-5.538095444899117e+00
3.000000000000000e+03,2.613045702059160e-11,1.417147005585930e+01,-5.076509180924128e+01,0,2.364357361280067e-11,1.373713118699285e+01,1.228943520488754e+00,1.540041357634805e+01
3.050000000000000e+03,4.215758257704750e-14,-1.375124300631120e+01,-7.868780487141179e+01,2,2.202289091804326e-14,-1.657125672314967e+01,1.220572148246309e+00,-1.253067085806489e+01
3.100000000000000e+03,7.767001707553031e-11,1.890253400632940e+01,-4.603402785877118e+01,0,7.097342247376405e-11,1.851095748241879e+01,1.211576002262270e+00,2.011411000859167e+01
3.150000000000000e+03,1.511389902548059e-13,-8.206234835886072e+00,-7.314279670098665e+01,0,1.437880870547182e-13,-8.422770940693855e+00,1.201979616426065e+00,-7.004255219460006e+00
3.200000000000000e+03,1.433767441371016e-11,1.156478714009667e+01,-5.337177472500392e+01,0,9.226369702405430e-12,9.650308528841872e+00,1.191805840045538e+00,1.275659298014221e+01
3.250000000000000e+03,1.476663575650993e-13,-8.307184375795197e+00,-7.324374624089577e+01,0,1.288143523372152e-13,-8.900357457215669e+00,1.181075984257046e+00,-7.126108391538152e+00
3.300000000000000e+03,1.167963266922644e-12,6.742918419447890e-01,-6.426227002315579e+01,0,8.669058288659218e-13,-6.202807694727231e-01,1.169809953956956e+00,1.844101795901745e+00
3.350000000000000e+03,7.742175914491735e-14,-1.111136965046889e+01,-7.604793151556947e+01,0,6.713207314425913e-14,-1.173069940909678e+01,1.158026366851700e+00,-9.953343283617190e+00
3.400000000000000e+03,5.707039086629556e-13,-2.435891530250033e+00,-6.737245339535062e+01,0,4.176768800550643e-13,-3.791595638596135e+00,1.145742661029620e+00,-1.290148869220413e+00
3.450000000000000e+03,1.096369364890875e-13,-9.600431081605631e+00,-7.453699294670622e+01,0,9.519614668166030e-14,-1.021380630489062e+01,1.132975192289365e+00,-8.467455889316266e+00
3.500000000000000e+03,4.501033086254932e-12,6.533122053679681e+00,-5.840343981142090e+01,2,3.195252725301673e-12,5.045052139383225e+00,1.119739322313311e+00,7.652861375992992e+00
3.550000000000000e+03,9.613624487161258e-14,-1.017112845629336e+01,-7.510769032139395e+01,0,9.277725406414759e-14,-1.032558485475764e+01,1.106049498646936e+00,-9.065078957646424e+00
3.600000000000000e+03,6.942299921649398e-13,-1.584966278435654e+00,-6.652152814353624e+01,2,4.502222142977463e-13,-3.465730803952098e+00,1.091919327333891e+00,-4.930469511017634e-01
3.650000000000000e+03,1.082421941426698e-13,-9.656034128775810e+00,-7.459259599387639e+01,2,5.914970977780920e-14,-1.228047381927094e+01,1.077361638959310e+00,-8.578672489816499e+00
3.700000000000000e+03,1.211976147721797e-11,1.083494072788404e+01,-5.410162113721654e+01,0,1.175202112368288e-11,1.070112563405981e+01,1.062388548768868e+00,1.189732927665291e+01
3.750000000000000e+03,7.266311634245932e-14,-1.138685980251020e+01,-7.632342166761079e+01,0,4.970069162671139e-14,-1.303637567653502e+01,1.047011511456477e+00,-1.033984829105372e+01
3.800000000000000e+03,3.982532813539685e-12,6.001593627984693e+00,-5.893496823711588e+01,2,3.179405787136057e-12,5.023459603990012e+00,1.031241371148036e+00,7.032834999132730e+00
3.850000000000000e+03,8.743012220283218e-14,-1.058338914589091e+01,-7.551995101099149e+01,0,7.975866629088779e-14,-1.098222116824669e+01,1.015088407051058e+00,-9.568300738839856e+00
3.900000000000000e+03,2.556724570900546e-13,-5.923160548367248e+00,-7.085972241346784e+01,2,1.760960103602991e-13,-7.542504833179846e+00,9.985623751892783e-01,-4.924598173177969e+00
3.950000000000000e+03,9.967973088717954e-14,-1.001393143180599e+01,-7.495049329690657e+01,2,9.164797617058474e-14,-1.037877120965288e+01,9.816725465965606e-01,-9.032258885209430e+00
4.000000000000000e+03,6.219454071153426e-12,7.937522650298795e+00,-5.699903921480179e+01,2,3.560707779965609e-12,5.515363334732148e+00,9.644277423049321e-01,8.901950392603727e+00
4.050000000000000e+03,9.309696072953362e-14,-1.031064496891245e+01,-7.524720683401303e+01,2,8.388145055032927e-14,-1.076334067947315e+01,9.468363654265994e-01,-9.363808603485847e+00
4.100000000000000e+03,1.228245876865013e-11,1.089285314913288e+01,-5.404370871596770e+01,2,1.085654910693593e-11,1.035691801129327e+01,9.289064305987771e-01,1.182175957973166e+01
4.150000000000000e+03,4.974555045850484e-13,-3.032457590939144e+00,-6.796901945603973e+01,2,4.191500186687880e-13,-3.776305101619475e+00,9.106455910327429e-01,-2.121811999906401e+00
4.200000000000000e+03,8.461412089614240e-12,9.274428466740291e+00,-5.566213339836029e+01,2,7.377467621361301e-12,8.679073121204922e+00,8.920611633840878e-01,1.016648963012438e+01
4.250000000000000e+03,4.950790917209629e-14,-1.305325414492493e+01,-7.798981601002551e+01,2,4.407518659786545e-14,-1.355805840384244e+01,8.731601506394184e-01,-1.218009399428551e+01
4.300000000000000e+03,5.964113457265690e-12,7.755458965844012e+00,-5.718110289925657e+01,2,5.088363872441727e-12,7.065781604514985e+00,8.539492631954644e-01,8.609408229039476e+00
4.350000000000000e+03,1.016811836363326e-13,-9.927594069491713e+00,-7.486415593459229e+01,2,8.675613311897418e-14,-1.061699813533332e+01,8.344349382892515e-01,-9.093159131202462e+00
4.400000000000000e+03,1.317488787535025e-12,1.197469278448209e+00,-6.373909258665237e+01,0,6.680568892904296e-13,-1.751865530141001e+00,8.146233579226954e-01,2.012092636370904e+00
4.450000000000000e+03,2.488875877055647e-14,-1.603996761589061e+01,-8.097652948099119e+01,2,1.973070920291261e-14,-1.704857304135747e+01,7.945204654111024e-01,-1.524544715047951e+01
4.500000000000000e+03,2.501447196540699e-13,-6.018086602772894e+00,-7.095464846787348e+01,2,1.898602815763027e-13,-7.215658793724976e+00,7.741319806728544e-01,-5.243954622100039e+00
