frequency_hz,max_un_abs,max_vn_abs,rms_vn_abs,integral_vn2_ds,total_weight,num_outer_nodes
5.000000000000000e+01,2.352633679365019e-07,7.391016683681069e-05,5.818618616800667e-05,1.193364375435520e-09,3.524790300649238e-01,40
1.000000000000000e+02,4.664757066264567e-05,2.930953306031569e-02,2.090529400795931e-02,1.540443749212694e-04,3.524790300649238e-01,40
1.500000000000000e+02,1.906497243197409e-07,1.796831319995451e-04,1.302362642304200e-04,5.978567612316062e-09,3.524790300649238e-01,40
2.000000000000000e+02,1.180061232783161e-05,1.482908679879077e-02,1.149674587631530e-02,4.658897422031759e-05,3.524790300649238e-01,40
2.500000000000000e+02,7.051220517597882e-08,1.107603128846356e-04,7.816129944626679e-05,2.153360918431907e-09,3.524790300649238e-01,40
3.000000000000000e+02,1.675351637955713e-06,3.157963438788776e-03,2.269136759845469e-03,1.814908052485311e-06,3.524790300649238e-01,40
3.500000000000000e+02,1.889785112071935e-08,4.155854517463988e-05,3.232858228627739e-05,3.683889580459002e-10,3.524790300649238e-01,40
4.000000000000000e+02,2.150742870016450e-06,5.405406400163446e-03,4.057432606991073e-03,5.802777451501757e-06,3.524790300649238e-01,40
4.500000000000000e+02,2.928890493496617e-08,8.281242771784159e-05,5.770204066434472e-05,1.173587917698963e-09,3.524790300649238e-01,40
5.000000000000000e+02,1.765500505147267e-06,5.546483416879720e-03,4.255645729343138e-03,6.383578725780336e-06,3.524790300649238e-01,40
5.500000000000000e+02,1.703340539603856e-08,5.886322338359262e-05,4.322773431980648e-05,6.586553623875073e-10,3.524790300649238e-01,40
6.000000000000000e+02,3.645818533408894e-07,1.374441206505467e-03,8.920931165278977e-04,2.805134318100237e-07,3.524790300649238e-01,40
6.500000000000000e+02,2.356143595684412e-09,9.622656434306228e-06,6.428144698594005e-06,1.456480160417139e-11,3.524790300649238e-01,40
7.000000000000000e+02,7.783311024358328e-07,3.423278982862000e-03,2.518752160200833e-03,2.236166601065941e-06,3.524790300649238e-01,40
7.500000000000000e+02,4.722266066351221e-09,2.225315457351806e-05,1.527018965705663e-05,8.219059924523812e-11,3.524790300649238e-01,40
8.000000000000000e+02,1.640575820197740e-07,8.246433511024434e-04,5.234787991725951e-04,9.658984735464755e-08,3.524790300649238e-01,40
8.500000000000000e+02,4.909210361120667e-09,2.621865664922009e-05,1.966340244986954e-05,1.362858040439718e-10,3.524790300649238e-01,40
9.000000000000000e+02,1.528331076009152e-07,8.642508625158004e-04,5.686141909892778e-04,1.139642595701150e-07,3.524790300649238e-01,40
9.500000000000000e+02,2.124563134658604e-09,1.268157267826923e-05,9.392917412897216e-06,3.109813126542839e-11,3.524790300649238e-01,40
1.000000000000000e+03,3.350395664536174e-07,2.105115681265188e-03,1.588273931583910e-03,8.891685647630093e-07,3.524790300649238e-01,40
1.050000000000000e+03,2.403477249860603e-09,1.585656758958776e-05,1.019857137988321e-05,3.666164641123350e-11,3.524790300649238e-01,40
1.100000000000000e+03,9.611908880443363e-08,6.643274511670579e-04,4.805850452595957e-04,8.140925671098083e-08,3.524790300649238e-01,40
1.150000000000000e+03,6.810399838059672e-09,4.920965482829198e-05,3.818674666929080e-05,5.139946575290261e-10,3.524790300649238e-01,40
1.200000000000000e+03,6.019534792234793e-08,4.538622307515118e-04,3.308785266872823e-04,3.858961549545618e-08,3.524790300649238e-01,40
1.250000000000000e+03,2.888865098597938e-09,2.268909342741809e-05,1.714666064110840e-05,1.036316444992542e-10,3.524790300649238e-01,40
1.300000000000000e+03,1.006363145035546e-07,8.220115964546696e-04,6.228563597036122e-04,1.367442555129378e-07,3.524790300649238e-01,40
1.350000000000000e+03,5.137644853598656e-09,4.357904578781116e-05,3.142567885829642e-05,3.480988759781243e-10,3.524790300649238e-01,40
1.400000000000000e+03,8.628473091432541e-08,7.590001349207671e-04,5.633393250695911e-04,1.118596414634174e-07,3.524790300649238e-01,40
1.450000000000000e+03,8.186313874041825e-09,7.458238422734297e-05,5.822323179812648e-05,1.194884427238263e-09,3.524790300649238e-01,40
1.500000000000000e+03,6.347615178477353e-08,5.982486363755856e-04,4.403353756048355e-04,6.834400719003318e-08,3.524790300649238e-01,40
1.550000000000000e+03,2.098850333230152e-09,2.044057164236704e-05,1.568363575853035e-05,8.670153367892371e-11,3.524790300649238e-01,40
1.600000000000000e+03,3.333206796021340e-07,3.350904954648390e-03,2.614383484700548e-03,2.409194524761608e-06,3.524790300649238e-01,40
1.650000000000000e+03,2.168577297794835e-08,2.248219547472974e-04,1.751147037693616e-04,1.080882566896820e-08,3.524790300649238e-01,40
1.700000000000000e+03,1.825012839369198e-07,1.949371955815569e-03,1.529135791678349e-03,8.241863018784384e-07,3.524790300649238e-01,40
1.750000000000000e+03,9.535978550808298e-09,1.048535605600322e-04,8.276144397137108e-05,2.414289821739422e-09,3.524790300649238e-01,40
1.800000000000000e+03,1.375806063156383e-08,1.555999999479500e-04,1.099579934864367e-04,4.261739474416874e-09,3.524790300649238e-01,40
1.850000000000000e+03,8.192986364766249e-10,9.523439536569066e-06,7.341221695521299e-06,1.899634128998381e-11,3.524790300649238e-01,40
1.900000000000000e+03,6.909508913479042e-08,8.248607728149601e-04,6.437612512651566e-04,1.460773728524857e-07,3.524790300649238e-01,40
1.950000000000000e+03,3.493606038103942e-09,4.280439954899271e-05,3.243161187643242e-05,3.707407743626463e-10,3.524790300649238e-01,40
2.000000000000000e+03,1.882202532647160e-08,2.365245459652968e-04,1.756496239577707e-04,1.087496163375692e-08,3.524790300649238e-01,40
2.050000000000000e+03,9.368395352742994e-10,1.206698962660188e-05,9.044152258322155e-06,2.883161797899884e-11,3.524790300649238e-01,40
2.100000000000000e+03,1.491200864073574e-08,1.967593185432123e-04,1.438054732070818e-04,7.289271320266672e-09,3.524790300649238e-01,40
2.150000000000000e+03,3.031123934429230e-10,4.094699374344914e-06,2.777597458947334e-06,2.719392510444413e-12,3.524790300649238e-01,40
2.200000000000000e+03,1.028786325847141e-08,1.422092127893806e-04,1.092167614668874e-04,4.204475961626303e-09,3.524790300649238e-01,40
2.250000000000000e+03,6.510291034920255e-10,9.203707119616635e-06,6.369058839674260e-06,1.429828030884995e-11,3.524790300649238e-01,40
2.300000000000000e+03,6.502576537468685e-09,9.397085472577811e-05,6.285915448640493e-05,1.392740981273240e-09,3.524790300649238e-01,40
2.350000000000000e+03,3.969075740643013e-10,5.860533018522413e-06,4.607381023387516e-06,7.482410713930875e-12,3.524790300649238e-01,40
2.400000000000000e+03,3.037811337987667e-09,4.580911575558643e-05,3.202663961087023e-05,3.615397307987302e-10,3.524790300649238e-01,40
2.450000000000000e+03,8.663710476602219e-11,1.333674610120000e-06,8.384634511646733e-07,2.478001457221224e-13,3.524790300649238e-01,40
2.500000000000000e+03,2.294397414051564e-09,3.604031030199907e-05,2.624834943219873e-05,2.428495386111698e-10,3.524790300649238e-01,40
2.550000000000000e+03,2.727859039275018e-10,4.370609178085602e-06,2.782418469680331e-06,2.728840674352285e-12,3.524790300649238e-01,40
2.600000000000000e+03,1.109060385021191e-09,1.811792298144422e-05,1.116594038657786e-05,4.394645971832750e-11,3.524790300649238e-01,40
2.650000000000000e+03,1.036269819937965e-10,1.725434956330582e-06,1.335192849963835e-06,6.283784472336407e-13,3.524790300649238e-01,40
2.700000000000000e+03,7.956501875712012e-10,1.349788743414554e-05,7.805396337325427e-06,2.147450714714361e-11,3.524790300649238e-01,40
2.750000000000000e+03,9.766886748919040e-11,1.687596881236615e-06,1.023810930143694e-06,3.694645788387802e-13,3.524790300649238e-01,40
2.800000000000000e+03,2.304070079346933e-09,4.053531795394132e-05,3.155056694658641e-05,3.508711175384965e-10,3.524790300649238e-01,40
2.850000000000000e+03,1.787212185591397e-10,3.200374823416252e-06,2.103791419650055e-06,1.560050452291515e-12,3.524790300649238e-01,40
2.900000000000000e+03,1.838420060121820e-09,3.349828833952672e-05,2.017983849954245e-05,1.435385838580304e-10,3.524790300649238e-01,40
2.950000000000000e+03,6.042026112318799e-11,1.119913505988247e-06,8.288768279485383e-07,2.421660634412807e-13,3.524790300649238e-01,40
3.000000000000000e+03,9.027148277557604e-10,1.701577362698443e-05,1.066575476857768e-05,4.009742398147667e-11,3.524790300649238e-01,40
3.050000000000000e+03,6.141264792819766e-11,1.176894493769206e-06,8.015142745913567e-07,2.264413875484151e-13,3.524790300649238e-01,40
3.100000000000000e+03,1.121071195200639e-09,2.183608399215943e-05,1.665433780954233e-05,9.776603980840020e-11,3.524790300649238e-01,40
3.150000000000000e+03,7.700355970976890e-11,1.524057050152180e-06,1.071935560402549e-06,4.050145651767903e-13,3.524790300649238e-01,40
3.200000000000000e+03,6.800224628836070e-10,1.367266287149554e-05,9.087310960971655e-06,2.910744354584938e-11,3.524790300649238e-01,40
3.250000000000000e+03,4.346194520818320e-11,8.875082305488783e-07,6.043040692363349e-07,1.287194934813379e-13,3.524790300649238e-01,40
3.300000000000000e+03,2.475298651719988e-10,5.132410839391595e-06,2.986436199094650e-06,3.143690386188653e-12,3.524790300649238e-01,40
3.350000000000000e+03,3.151408035491580e-11,6.633295022952008e-07,4.300072579189983e-07,6.517557278482605e-14,3.524790300649238e-01,40
3.400000000000000e+03,2.184950890871553e-10,4.667673453707251e-06,2.894755335266452e-06,2.953636259151208e-12,3.524790300649238e-01,40
3.450000000000000e+03,7.501038156042055e-11,1.625999239206973e-06,1.007556146923876e-06,3.578259216582577e-13,3.524790300649238e-01,40
3.500000000000000e+03,5.890973036620215e-10,1.295492633003914e-05,9.746787469586966e-06,3.348546061597557e-11,3.524790300649238e-01,40
3.550000000000000e+03,6.160685729184807e-11,1.374159916979655e-06,9.932882539558878e-07,3.477634089050120e-13,3.524790300649238e-01,40
3.600000000000000e+03,3.170904604224453e-10,7.172417239103228e-06,5.019531028637539e-06,8.880952988957756e-12,3.524790300649238e-01,40
3.650000000000000e+03,7.399259278064597e-11,1.696918477068092e-06,1.186819566100405e-06,4.964810535670970e-13,3.524790300649238e-01,40
3.700000000000000e+03,9.021851033127576e-10,2.097380588631676e-05,1.623099643153741e-05,9.285892448941733e-11,3.524790300649238e-01,40
3.750000000000000e+03,1.076764210499970e-10,2.537065900016339e-06,1.906971674175215e-06,1.281804432524624e-12,3.524790300649238e-01,40
3.800000000000000e+03,5.352924938633164e-10,1.278069934344493e-05,1.023052542758558e-05,3.689174201992114e-11,3.524790300649238e-01,40
3.850000000000000e+03,8.287692336423844e-11,2.004814608667761e-06,1.440349816815147e-06,7.312556727802271e-13,3.524790300649238e-01,40
3.900000000000000e+03,2.173325519746232e-10,5.325608719621307e-06,4.193461116604426e-06,6.198384679363128e-12,3.524790300649238e-01,40
3.950000000000000e+03,1.056699093956694e-10,2.622577307397180e-06,2.076331987631532e-06,1.519591564678375e-12,3.524790300649238e-01,40
4.000000000000000e+03,1.008970411675307e-09,2.535819226406890e-05,2.007404329567510e-05,1.420374928220947e-10,3.524790300649238e-01,40
4.050000000000000e+03,9.948957171660469e-11,2.531701231670809e-06,1.963848574512294e-06,1.359406306549657e-12,3.524790300649238e-01,40
4.100000000000000e+03,1.061166503570714e-09,2.733677371319723e-05,2.146794693493605e-05,1.624479783528800e-10,3.524790300649238e-01,40
4.150000000000000e+03,2.443286548467280e-10,6.370923189162042e-06,4.804819486409639e-06,8.137433211677404e-12,3.524790300649238e-01,40
4.200000000000000e+03,9.841445036835329e-10,2.597096159988086e-05,1.975524780478974e-05,1.375619261468989e-10,3.524790300649238e-01,40
4.250000000000000e+03,7.468122860944820e-11,1.994252992864269e-06,1.531507334881725e-06,8.267447523794435e-13,3.524790300649238e-01,40
4.300000000000000e+03,6.250974113532591e-10,1.688869234345440e-05,1.334339336582589e-05,6.275753303046314e-11,3.524790300649238e-01,40
4.350000000000000e+03,1.045203132273968e-10,2.856734159219017e-06,2.171146068605262e-06,1.661542176397105e-12,3.524790300649238e-01,40
4.400000000000000e+03,2.712759584178858e-10,7.499699310938212e-06,4.791391608519388e-06,8.092013909141001e-12,3.524790300649238e-01,40
4.450000000000000e+03,3.820421162212958e-11,1.068196428057622e-06,7.843183130185031e-07,2.168293139230631e-13,3.524790300649238e-01,40
4.500000000000000e+03,1.551874200763881e-10,4.387820929573806e-06,3.208656232256746e-06,3.628938977483534e-12,3.524790300649238e-01,40
