step_no,sub_step_no,block_step_no,time,num_records,matched_nodes,missing_nodes,total_fx,total_fy,total_fz,mapped_fx,mapped_fy,mapped_fz,reduced_dofs
1,1,1,0.000000000000000e+00,171,171,0,2.412109762157600e+03,-6.408500822387000e+03,0.000000000000000e+00,2.412109762157600e+03,-6.408500822387000e+03,0.000000000000000e+00,342
2,1,2,1.111000000000000e-04,171,171,0,2.238628777685700e+03,-6.520845332391003e+03,0.000000000000000e+00,2.238628777685700e+03,-6.520845332391003e+03,0.000000000000000e+00,342
3,1,3,2.222000000000000e-04,171,171,0,2.034055888851070e+03,-6.637921211685001e+03,0.000000000000000e+00,2.034055888851070e+03,-6.637921211685001e+03,0.000000000000000e+00,342
4,1,4,3.333000000000000e-04,171,171,0,1.811546876552630e+03,-6.752887190805001e+03,0.000000000000000e+00,1.811546876552630e+03,-6.752887190805001e+03,0.000000000000000e+00,342
5,1,5,4.444000000000000e-04,171,171,0,1.584006179163330e+03,-6.862304432224003e+03,0.000000000000000e+00,1.584006179163330e+03,-6.862304432224003e+03,0.000000000000000e+00,342
6,1,6,5.556000000000000e-04,171,171,0,1.361575681970969e+03,-6.964074597966300e+03,0.000000000000000e+00,1.361575681970969e+03,-6.964074597966300e+03,0.000000000000000e+00,342
7,1,7,6.667000000000000e-04,171,171,0,1.147258759648701e+03,-7.058266890519998e+03,0.000000000000000e+00,1.147258759648701e+03,-7.058266890519998e+03,0.000000000000000e+00,342
8,1,8,7.778000000000000e-04,171,171,0,9.406026588510003e+02,-7.141666514054007e+03,0.000000000000000e+00,9.406026588510003e+02,-7.141666514054007e+03,0.000000000000000e+00,342
9,1,9,8.889000000000000e-04,171,171,0,7.382772351723198e+02,-7.211444806086630e+03,0.000000000000000e+00,7.382772351723198e+02,-7.211444806086630e+03,0.000000000000000e+00,342
10,1,10,1.000000000000000e-03,171,171,0,5.348523696846673e+02,-7.264224918035907e+03,0.000000000000000e+00,5.348523696846673e+02,-7.264224918035907e+03,0.000000000000000e+00,342
11,1,11,1.111000000000000e-03,171,171,0,3.226047109994992e+02,-7.296431430776701e+03,0.000000000000000e+00,3.226047109994992e+02,-7.296431430776701e+03,0.000000000000000e+00,342
12,1,12,1.222000000000000e-03,171,171,0,9.584950742899997e+01,-7.302748381007895e+03,0.000000000000000e+00,9.584950742899997e+01,-7.302748381007895e+03,0.000000000000000e+00,342
13,1,13,1.333000000000000e-03,171,171,0,-1.463660860000004e+02,-7.280807167977000e+03,0.000000000000000e+00,-1.463660860000004e+02,-7.280807167977000e+03,0.000000000000000e+00,342
14,1,14,1.444000000000000e-03,171,171,0,-4.043267212083000e+02,-7.233599641549002e+03,0.000000000000000e+00,-4.043267212083000e+02,-7.233599641549002e+03,0.000000000000000e+00,342
15,1,15,1.556000000000000e-03,171,171,0,-6.748417325660009e+02,-7.164970018053302e+03,0.000000000000000e+00,-6.748417325660009e+02,-7.164970018053302e+03,0.000000000000000e+00,342
16,1,16,1.667000000000000e-03,171,171,0,-9.438864848363291e+02,-7.079575416675000e+03,0.000000000000000e+00,-9.438864848363291e+02,-7.079575416675000e+03,0.000000000000000e+00,342
17,1,17,1.778000000000000e-03,171,171,0,-1.197259581570001e+03,-6.984306542178003e+03,0.000000000000000e+00,-1.197259581570001e+03,-6.984306542178003e+03,0.000000000000000e+00,342
18,1,18,1.889000000000000e-03,171,171,0,-1.432473022126003e+03,-6.884968365974001e+03,0.000000000000000e+00,-1.432473022126003e+03,-6.884968365974001e+03,0.000000000000000e+00,342
19,1,19,2.000000000000000e-03,171,171,0,-1.653921009422333e+03,-6.783646469009998e+03,0.000000000000000e+00,-1.653921009422333e+03,-6.783646469009998e+03,0.000000000000000e+00,342
20,1,20,2.111000000000000e-03,171,171,0,-1.865422876994669e+03,-6.679614444273301e+03,0.000000000000000e+00,-1.865422876994669e+03,-6.679614444273301e+03,0.000000000000000e+00,342
21,1,21,2.222000000000000e-03,171,171,0,-2.068275459591630e+03,-6.572688138146668e+03,0.000000000000000e+00,-2.068275459591630e+03,-6.572688138146668e+03,0.000000000000000e+00,342
22,1,22,2.333000000000000e-03,171,171,0,-2.264526810146630e+03,-6.465988167666999e+03,0.000000000000000e+00,-2.264526810146630e+03,-6.465988167666999e+03,0.000000000000000e+00,342
23,1,23,2.444000000000000e-03,171,171,0,-2.457776850863030e+03,-6.361932943772996e+03,0.000000000000000e+00,-2.457776850863030e+03,-6.361932943772996e+03,0.000000000000000e+00,342
24,1,24,2.556000000000000e-03,171,171,0,-2.651688980263028e+03,-6.260048101431004e+03,0.000000000000000e+00,-2.651688980263028e+03,-6.260048101431004e+03,0.000000000000000e+00,342
25,1,25,2.667000000000000e-03,171,171,0,-2.846520299576328e+03,-6.156697518905700e+03,0.000000000000000e+00,-2.846520299576328e+03,-6.156697518905700e+03,0.000000000000000e+00,342
26,1,26,2.778000000000000e-03,171,171,0,-3.039352746273340e+03,-6.049890945446697e+03,0.000000000000000e+00,-3.039352746273340e+03,-6.049890945446697e+03,0.000000000000000e+00,342
27,1,27,2.889000000000000e-03,171,171,0,-3.229897391122669e+03,-5.939218600590701e+03,0.000000000000000e+00,-3.229897391122669e+03,-5.939218600590701e+03,0.000000000000000e+00,342
28,1,28,3.000000000000000e-03,171,171,0,-3.418147937187670e+03,-5.824414287793000e+03,0.000000000000000e+00,-3.418147937187670e+03,-5.824414287793000e+03,0.000000000000000e+00,342
29,1,29,3.111000000000000e-03,171,171,0,-3.602201338276999e+03,-5.705482034199702e+03,0.000000000000000e+00,-3.602201338276999e+03,-5.705482034199702e+03,0.000000000000000e+00,342
30,1,30,3.222000000000000e-03,171,171,0,-3.779269945022671e+03,-5.586270049106701e+03,0.000000000000000e+00,-3.779269945022671e+03,-5.586270049106701e+03,0.000000000000000e+00,342
31,1,31,3.333000000000000e-03,171,171,0,-3.948128927085834e+03,-5.474346441340301e+03,0.000000000000000e+00,-3.948128927085834e+03,-5.474346441340301e+03,0.000000000000000e+00,342
32,1,32,3.444000000000000e-03,171,171,0,-4.108926259300001e+03,-5.379003527892000e+03,0.000000000000000e+00,-4.108926259300001e+03,-5.379003527892000e+03,0.000000000000000e+00,342
33,1,33,3.556000000000000e-03,171,171,0,-4.265315921573695e+03,-5.306101483810700e+03,0.000000000000000e+00,-4.265315921573695e+03,-5.306101483810700e+03,0.000000000000000e+00,342
34,1,34,3.667000000000000e-03,171,171,0,-4.419453343038325e+03,-5.249311212014002e+03,0.000000000000000e+00,-4.419453343038325e+03,-5.249311212014002e+03,0.000000000000000e+00,342
35,1,35,3.778000000000000e-03,171,171,0,-4.564041926699661e+03,-5.199351706738998e+03,0.000000000000000e+00,-4.564041926699661e+03,-5.199351706738998e+03,0.000000000000000e+00,342
36,1,36,3.889000000000000e-03,171,171,0,-4.689471887405031e+03,-5.153408045420199e+03,0.000000000000000e+00,-4.689471887405031e+03,-5.153408045420199e+03,0.000000000000000e+00,342
37,1,37,4.000000000000000e-03,171,171,0,-4.788592057403702e+03,-5.109695460470797e+03,0.000000000000000e+00,-4.788592057403702e+03,-5.109695460470797e+03,0.000000000000000e+00,342
38,1,38,4.111000000000000e-03,171,171,0,-4.854809502901002e+03,-5.067446711621999e+03,0.000000000000000e+00,-4.854809502901002e+03,-5.067446711621999e+03,0.000000000000000e+00,342
39,1,39,4.222000000000000e-03,171,171,0,-4.882585047866435e+03,-5.026888242651630e+03,0.000000000000000e+00,-4.882585047866435e+03,-5.026888242651630e+03,0.000000000000000e+00,342
40,1,40,4.333000000000000e-03,171,171,0,-4.868032093552672e+03,-4.989743779810304e+03,0.000000000000000e+00,-4.868032093552672e+03,-4.989743779810304e+03,0.000000000000000e+00,342
41,1,41,4.444000000000000e-03,171,171,0,-4.809738078999104e+03,-4.961090542933533e+03,0.000000000000000e+00,-4.809738078999104e+03,-4.961090542933533e+03,0.000000000000000e+00,342
42,1,42,4.556000000000000e-03,171,171,0,-4.712069888291704e+03,-4.946399956173697e+03,0.000000000000000e+00,-4.712069888291704e+03,-4.946399956173697e+03,0.000000000000000e+00,342
43,1,43,4.667000000000000e-03,171,171,0,-4.581311801528669e+03,-4.947543096215300e+03,0.000000000000000e+00,-4.581311801528669e+03,-4.947543096215300e+03,0.000000000000000e+00,342
44,1,44,4.778000000000000e-03,171,171,0,-4.420545167400700e+03,-4.966291939696001e+03,0.000000000000000e+00,-4.420545167400700e+03,-4.966291939696001e+03,0.000000000000000e+00,342
45,1,45,4.889000000000000e-03,171,171,0,-4.234644469211335e+03,-5.003355117874299e+03,0.000000000000000e+00,-4.234644469211335e+03,-5.003355117874299e+03,0.000000000000000e+00,342
46,1,46,5.000000000000000e-03,171,171,0,-4.032999926608336e+03,-5.048140983292002e+03,0.000000000000000e+00,-4.032999926608336e+03,-5.048140983292002e+03,0.000000000000000e+00,342
47,1,47,5.111000000000000e-03,171,171,0,-3.821237230347670e+03,-5.086754778663999e+03,0.000000000000000e+00,-3.821237230347670e+03,-5.086754778663999e+03,0.000000000000000e+00,342
48,1,48,5.222000000000000e-03,171,171,0,-3.599530327061338e+03,-5.113060936300301e+03,0.000000000000000e+00,-3.599530327061338e+03,-5.113060936300301e+03,0.000000000000000e+00,342
49,1,49,5.333000000000000e-03,171,171,0,-3.367801600173672e+03,-5.127674969334700e+03,0.000000000000000e+00,-3.367801600173672e+03,-5.127674969334700e+03,0.000000000000000e+00,342
50,1,50,5.444000000000000e-03,171,171,0,-3.126129596723997e+03,-5.132373309815300e+03,0.000000000000000e+00,-3.126129596723997e+03,-5.132373309815300e+03,0.000000000000000e+00,342
51,1,51,5.556000000000000e-03,171,171,0,-2.875015622929003e+03,-5.129839821535999e+03,0.000000000000000e+00,-2.875015622929003e+03,-5.129839821535999e+03,0.000000000000000e+00,342
52,1,52,5.667000000000000e-03,171,171,0,-2.618451353545996e+03,-5.122632084984001e+03,0.000000000000000e+00,-2.618451353545996e+03,-5.122632084984001e+03,0.000000000000000e+00,342
53,1,53,5.778000000000000e-03,171,171,0,-2.361221495474668e+03,-5.111135225429998e+03,0.000000000000000e+00,-2.361221495474668e+03,-5.111135225429998e+03,0.000000000000000e+00,342
54,1,54,5.889000000000000e-03,171,171,0,-2.106086293788665e+03,-5.093057618267002e+03,0.000000000000000e+00,-2.106086293788665e+03,-5.093057618267002e+03,0.000000000000000e+00,342
55,1,55,6.000000000000000e-03,171,171,0,-1.849646924511367e+03,-5.068824061398002e+03,0.000000000000000e+00,-1.849646924511367e+03,-5.068824061398002e+03,0.000000000000000e+00,342
56,1,56,6.111000000000000e-03,171,171,0,-1.586088221175834e+03,-5.043994804492698e+03,0.000000000000000e+00,-1.586088221175834e+03,-5.043994804492698e+03,0.000000000000000e+00,342
57,1,57,6.222000000000000e-03,171,171,0,-1.310361986866833e+03,-5.023343728050999e+03,0.000000000000000e+00,-1.310361986866833e+03,-5.023343728050999e+03,0.000000000000000e+00,342
58,1,58,6.333000000000000e-03,171,171,0,-1.017016302880501e+03,-5.009819396060001e+03,0.000000000000000e+00,-1.017016302880501e+03,-5.009819396060001e+03,0.000000000000000e+00,342
59,1,59,6.444000000000000e-03,171,171,0,-7.006524843492999e+02,-5.006996996389000e+03,0.000000000000000e+00,-7.006524843492999e+02,-5.006996996389000e+03,0.000000000000000e+00,342
60,1,60,6.556000000000000e-03,171,171,0,-3.608052972784159e+02,-5.020229565064003e+03,0.000000000000000e+00,-3.608052972784159e+02,-5.020229565064003e+03,0.000000000000000e+00,342
61,1,61,6.667000000000000e-03,171,171,0,-4.272546928967571e+00,-5.053100150781700e+03,0.000000000000000e+00,-4.272546928967571e+00,-5.053100150781700e+03,0.000000000000000e+00,342
62,1,62,6.778000000000000e-03,171,171,0,3.557804415507831e+02,-5.105039594502997e+03,0.000000000000000e+00,3.557804415507831e+02,-5.105039594502997e+03,0.000000000000000e+00,342
63,1,63,6.889000000000000e-03,171,171,0,7.037050795960162e+02,-5.167901813623999e+03,0.000000000000000e+00,7.037050795960162e+02,-5.167901813623999e+03,0.000000000000000e+00,342
64,1,64,7.000000000000000e-03,171,171,0,1.032890697916583e+03,-5.226272744011998e+03,0.000000000000000e+00,1.032890697916583e+03,-5.226272744011998e+03,0.000000000000000e+00,342
65,1,65,7.111000000000000e-03,171,171,0,1.345888474194184e+03,-5.273648836035597e+03,0.000000000000000e+00,1.345888474194184e+03,-5.273648836035597e+03,0.000000000000000e+00,342
66,1,66,7.222000000000000e-03,171,171,0,1.643769000867818e+03,-5.313541802839300e+03,0.000000000000000e+00,1.643769000867818e+03,-5.313541802839300e+03,0.000000000000000e+00,342
67,1,67,7.333000000000000e-03,171,171,0,1.926778025110582e+03,-5.350437786650999e+03,0.000000000000000e+00,1.926778025110582e+03,-5.350437786650999e+03,0.000000000000000e+00,342
68,1,68,7.444000000000000e-03,171,171,0,2.192801589636886e+03,-5.385079916738362e+03,0.000000000000000e+00,2.192801589636886e+03,-5.385079916738362e+03,0.000000000000000e+00,342
69,1,69,7.556000000000000e-03,171,171,0,2.439052882656842e+03,-5.418516748197260e+03,0.000000000000000e+00,2.439052882656842e+03,-5.418516748197260e+03,0.000000000000000e+00,342
70,1,70,7.667000000000000e-03,171,171,0,2.660982396398103e+03,-5.452627582471740e+03,0.000000000000000e+00,2.660982396398103e+03,-5.452627582471740e+03,0.000000000000000e+00,342
71,1,71,7.778000000000000e-03,171,171,0,2.852354470942367e+03,-5.491083277486600e+03,0.000000000000000e+00,2.852354470942367e+03,-5.491083277486600e+03,0.000000000000000e+00,342
72,1,72,7.889000000000000e-03,171,171,0,3.006175791849116e+03,-5.535060166957600e+03,0.000000000000000e+00,3.006175791849116e+03,-5.535060166957600e+03,0.000000000000000e+00,342
73,1,73,8.000000000000000e-03,171,171,0,3.119517553096569e+03,-5.583884948930299e+03,0.000000000000000e+00,3.119517553096569e+03,-5.583884948930299e+03,0.000000000000000e+00,342
74,1,74,8.111000000000000e-03,171,171,0,3.192744369705725e+03,-5.640177967927299e+03,0.000000000000000e+00,3.192744369705725e+03,-5.640177967927299e+03,0.000000000000000e+00,342
75,1,75,8.222000000000000e-03,171,171,0,3.227299091519163e+03,-5.704971802204702e+03,0.000000000000000e+00,3.227299091519163e+03,-5.704971802204702e+03,0.000000000000000e+00,342
76,1,76,8.333000000000000e-03,171,171,0,3.232407998047033e+03,-5.769472282661001e+03,0.000000000000000e+00,3.232407998047033e+03,-5.769472282661001e+03,0.000000000000000e+00,342
77,1,77,8.444000000000000e-03,171,171,0,3.220539125783142e+03,-5.825151399606999e+03,0.000000000000000e+00,3.220539125783142e+03,-5.825151399606999e+03,0.000000000000000e+00,342
78,1,78,8.555999999999999e-03,171,171,0,3.199274105665063e+03,-5.871977345546999e+03,0.000000000000000e+00,3.199274105665063e+03,-5.871977345546999e+03,0.000000000000000e+00,342
79,1,79,8.666999999999999e-03,171,171,0,3.170417575692348e+03,-5.913466281753001e+03,0.000000000000000e+00,3.170417575692348e+03,-5.913466281753001e+03,0.000000000000000e+00,342
80,1,80,8.777999999999999e-03,171,171,0,3.134955197610625e+03,-5.950490971242998e+03,0.000000000000000e+00,3.134955197610625e+03,-5.950490971242998e+03,0.000000000000000e+00,342
81,1,81,8.888999999999999e-03,171,171,0,3.096725078865218e+03,-5.981313661397000e+03,0.000000000000000e+00,3.096725078865218e+03,-5.981313661397000e+03,0.000000000000000e+00,342
82,1,82,8.999999999999999e-03,171,171,0,3.060412981963867e+03,-6.007401297054000e+03,0.000000000000000e+00,3.060412981963867e+03,-6.007401297054000e+03,0.000000000000000e+00,342
83,1,83,9.110999999999999e-03,171,171,0,3.026811924081037e+03,-6.032641751391004e+03,0.000000000000000e+00,3.026811924081037e+03,-6.032641751391004e+03,0.000000000000000e+00,342
84,1,84,9.221999999999999e-03,171,171,0,2.992284698186967e+03,-6.060687946594000e+03,0.000000000000000e+00,2.992284698186967e+03,-6.060687946594000e+03,0.000000000000000e+00,342
85,1,85,9.332999999999999e-03,171,171,0,2.951347511689700e+03,-6.091419604483699e+03,0.000000000000000e+00,2.951347511689700e+03,-6.091419604483699e+03,0.000000000000000e+00,342
86,1,86,9.443999999999999e-03,171,171,0,2.901606457488000e+03,-6.123587637005998e+03,0.000000000000000e+00,2.901606457488000e+03,-6.123587637005998e+03,0.000000000000000e+00,342
87,1,87,9.556000000000000e-03,171,171,0,2.841831944591700e+03,-6.159985940970997e+03,0.000000000000000e+00,2.841831944591700e+03,-6.159985940970997e+03,0.000000000000000e+00,342
88,1,88,9.667000000000000e-03,171,171,0,2.770805140304366e+03,-6.205773624999003e+03,0.000000000000000e+00,2.770805140304366e+03,-6.205773624999003e+03,0.000000000000000e+00,342
89,1,89,9.778000000000000e-03,171,171,0,2.684344716585400e+03,-6.266455590345998e+03,0.000000000000000e+00,2.684344716585400e+03,-6.266455590345998e+03,0.000000000000000e+00,342
90,1,90,9.889000000000000e-03,171,171,0,2.575212591660899e+03,-6.345007020528999e+03,0.000000000000000e+00,2.575212591660899e+03,-6.345007020528999e+03,0.000000000000000e+00,342
91,1,91,1.000000000000000e-02,171,171,0,2.436221394697030e+03,-6.439804737955303e+03,0.000000000000000e+00,2.436221394697030e+03,-6.439804737955303e+03,0.000000000000000e+00,342
92,1,92,1.011000000000000e-02,171,171,0,2.264030849993330e+03,-6.545776899662998e+03,0.000000000000000e+00,2.264030849993330e+03,-6.545776899662998e+03,0.000000000000000e+00,342
93,1,93,1.022000000000000e-02,171,171,0,2.062350020560067e+03,-6.656030373092995e+03,0.000000000000000e+00,2.062350020560067e+03,-6.656030373092995e+03,0.000000000000000e+00,342
94,1,94,1.033000000000000e-02,171,171,0,1.843285573141033e+03,-6.765378007080994e+03,0.000000000000000e+00,1.843285573141033e+03,-6.765378007080994e+03,0.000000000000000e+00,342
95,1,95,1.044000000000000e-02,171,171,0,1.617724498859301e+03,-6.870990326517999e+03,0.000000000000000e+00,1.617724498859301e+03,-6.870990326517999e+03,0.000000000000000e+00,342
96,1,96,1.056000000000000e-02,171,171,0,1.395552501216000e+03,-6.968856517995999e+03,0.000000000000000e+00,1.395552501216000e+03,-6.968856517995999e+03,0.000000000000000e+00,342
97,1,97,1.067000000000000e-02,171,171,0,1.181968720018300e+03,-7.057931856105201e+03,0.000000000000000e+00,1.181968720018300e+03,-7.057931856105201e+03,0.000000000000000e+00,342
98,1,98,1.078000000000000e-02,171,171,0,9.766895147808495e+02,-7.136575876857695e+03,0.000000000000000e+00,9.766895147808495e+02,-7.136575876857695e+03,0.000000000000000e+00,342
99,1,99,1.089000000000000e-02,171,171,0,7.754923917570003e+02,-7.202517015428099e+03,0.000000000000000e+00,7.754923917570003e+02,-7.202517015428099e+03,0.000000000000000e+00,342
100,1,100,1.100000000000000e-02,171,171,0,5.724305390445329e+02,-7.252500408001965e+03,0.000000000000000e+00,5.724305390445329e+02,-7.252500408001965e+03,0.000000000000000e+00,342
101,1,101,1.111000000000000e-02,171,171,0,3.597383994529998e+02,-7.282621110503998e+03,0.000000000000000e+00,3.597383994529998e+02,-7.282621110503998e+03,0.000000000000000e+00,342
102,1,102,1.122000000000000e-02,171,171,0,1.321021962006691e+02,-7.287042334767199e+03,0.000000000000000e+00,1.321021962006691e+02,-7.287042334767199e+03,0.000000000000000e+00,342
103,1,103,1.133000000000000e-02,171,171,0,-1.113557734445999e+02,-7.263291079305698e+03,0.000000000000000e+00,-1.113557734445999e+02,-7.263291079305698e+03,0.000000000000000e+00,342
104,1,104,1.144000000000000e-02,171,171,0,-3.706002177676993e+02,-7.213880065971001e+03,0.000000000000000e+00,-3.706002177676993e+02,-7.213880065971001e+03,0.000000000000000e+00,342
105,1,105,1.156000000000000e-02,171,171,0,-6.421075929319994e+02,-7.142720294487998e+03,0.000000000000000e+00,-6.421075929319994e+02,-7.142720294487998e+03,0.000000000000000e+00,342
106,1,106,1.167000000000000e-02,171,171,0,-9.116450089906712e+02,-7.054585221379005e+03,0.000000000000000e+00,-9.116450089906712e+02,-7.054585221379005e+03,0.000000000000000e+00,342
107,1,107,1.178000000000000e-02,171,171,0,-1.164980727233001e+03,-6.956413507551998e+03,0.000000000000000e+00,-1.164980727233001e+03,-6.956413507551998e+03,0.000000000000000e+00,342
108,1,108,1.189000000000000e-02,171,171,0,-1.399913404812331e+03,-6.854381692049999e+03,0.000000000000000e+00,-1.399913404812331e+03,-6.854381692049999e+03,0.000000000000000e+00,342
109,1,109,1.200000000000000e-02,171,171,0,-1.620953212844666e+03,-6.750473651766004e+03,0.000000000000000e+00,-1.620953212844666e+03,-6.750473651766004e+03,0.000000000000000e+00,342
110,1,110,1.211000000000000e-02,171,171,0,-1.832021559581000e+03,-6.644044317010002e+03,0.000000000000000e+00,-1.832021559581000e+03,-6.644044317010002e+03,0.000000000000000e+00,342
111,1,111,1.222000000000000e-02,171,171,0,-2.034525936362497e+03,-6.534892798233332e+03,0.000000000000000e+00,-2.034525936362497e+03,-6.534892798233332e+03,0.000000000000000e+00,342
112,1,112,1.233000000000000e-02,171,171,0,-2.230602810349966e+03,-6.426262668647001e+03,0.000000000000000e+00,-2.230602810349966e+03,-6.426262668647001e+03,0.000000000000000e+00,342
113,1,113,1.244000000000000e-02,171,171,0,-2.424027932748500e+03,-6.320688242736004e+03,0.000000000000000e+00,-2.424027932748500e+03,-6.320688242736004e+03,0.000000000000000e+00,342
114,1,114,1.256000000000000e-02,171,171,0,-2.618594783133668e+03,-6.217834852017000e+03,0.000000000000000e+00,-2.618594783133668e+03,-6.217834852017000e+03,0.000000000000000e+00,342
115,1,115,1.267000000000000e-02,171,171,0,-2.814562921417666e+03,-6.113813012950300e+03,0.000000000000000e+00,-2.814562921417666e+03,-6.113813012950300e+03,0.000000000000000e+00,342
116,1,116,1.278000000000000e-02,171,171,0,-3.008691422479837e+03,-6.006737064517700e+03,0.000000000000000e+00,-3.008691422479837e+03,-6.006737064517700e+03,0.000000000000000e+00,342
117,1,117,1.289000000000000e-02,171,171,0,-3.200848403077696e+03,-5.896652833750000e+03,0.000000000000000e+00,-3.200848403077696e+03,-5.896652833750000e+03,0.000000000000000e+00,342
118,1,118,1.300000000000000e-02,171,171,0,-3.391316288751166e+03,-5.782926919263999e+03,0.000000000000000e+00,-3.391316288751166e+03,-5.782926919263999e+03,0.000000000000000e+00,342
119,1,119,1.311000000000000e-02,171,171,0,-3.578172231148834e+03,-5.665291007557000e+03,0.000000000000000e+00,-3.578172231148834e+03,-5.665291007557000e+03,0.000000000000000e+00,342
120,1,120,1.322000000000000e-02,171,171,0,-3.758451643621002e+03,-5.547622497893701e+03,0.000000000000000e+00,-3.758451643621002e+03,-5.547622497893701e+03,0.000000000000000e+00,342
121,1,121,1.333000000000000e-02,171,171,0,-3.930886202041830e+03,-5.437900026984697e+03,0.000000000000000e+00,-3.930886202041830e+03,-5.437900026984697e+03,0.000000000000000e+00,342
122,1,122,1.344000000000000e-02,171,171,0,-4.095616306514168e+03,-5.345655715324305e+03,0.000000000000000e+00,-4.095616306514168e+03,-5.345655715324305e+03,0.000000000000000e+00,342
123,1,123,1.356000000000000e-02,171,171,0,-4.256250877359367e+03,-5.276831399778303e+03,0.000000000000000e+00,-4.256250877359367e+03,-5.276831399778303e+03,0.000000000000000e+00,342
124,1,124,1.367000000000000e-02,171,171,0,-4.414673417411173e+03,-5.224090878967001e+03,0.000000000000000e+00,-4.414673417411173e+03,-5.224090878967001e+03,0.000000000000000e+00,342
125,1,125,1.378000000000000e-02,171,171,0,-4.562500839360005e+03,-5.177503589869005e+03,0.000000000000000e+00,-4.562500839360005e+03,-5.177503589869005e+03,0.000000000000000e+00,342
126,1,126,1.389000000000000e-02,171,171,0,-4.690114934978695e+03,-5.135172873276800e+03,0.000000000000000e+00,-4.690114934978695e+03,-5.135172873276800e+03,0.000000000000000e+00,342
127,1,127,1.400000000000000e-02,171,171,0,-4.792056941634403e+03,-5.095734098963999e+03,0.000000000000000e+00,-4.792056941634403e+03,-5.095734098963999e+03,0.000000000000000e+00,342
128,1,128,1.411000000000000e-02,171,171,0,-4.861797652668057e+03,-5.057131192026899e+03,0.000000000000000e+00,-4.861797652668057e+03,-5.057131192026899e+03,0.000000000000000e+00,342
129,1,129,1.422000000000000e-02,171,171,0,-4.892884754074601e+03,-5.019317928609859e+03,0.000000000000000e+00,-4.892884754074601e+03,-5.019317928609859e+03,0.000000000000000e+00,342
130,1,130,1.433000000000000e-02,171,171,0,-4.880946637114227e+03,-4.984176418476273e+03,0.000000000000000e+00,-4.880946637114227e+03,-4.984176418476273e+03,0.000000000000000e+00,342
131,1,131,1.444000000000000e-02,171,171,0,-4.824438214530602e+03,-4.957159496355077e+03,0.000000000000000e+00,-4.824438214530602e+03,-4.957159496355077e+03,0.000000000000000e+00,342
132,1,132,1.456000000000000e-02,171,171,0,-4.728044107249299e+03,-4.944068519189102e+03,0.000000000000000e+00,-4.728044107249299e+03,-4.944068519189102e+03,0.000000000000000e+00,342
133,1,133,1.467000000000000e-02,171,171,0,-4.598267150952672e+03,-4.946807931093504e+03,0.000000000000000e+00,-4.598267150952672e+03,-4.946807931093504e+03,0.000000000000000e+00,342
134,1,134,1.478000000000000e-02,171,171,0,-4.438394381408036e+03,-4.967095859571994e+03,0.000000000000000e+00,-4.438394381408036e+03,-4.967095859571994e+03,0.000000000000000e+00,342
135,1,135,1.489000000000000e-02,171,171,0,-4.253227092674001e+03,-5.005781051410702e+03,0.000000000000000e+00,-4.253227092674001e+03,-5.005781051410702e+03,0.000000000000000e+00,342
136,1,136,1.500000000000000e-02,171,171,0,-4.052122429239783e+03,-5.052469796240998e+03,0.000000000000000e+00,-4.052122429239783e+03,-5.052469796240998e+03,0.000000000000000e+00,342
137,1,137,1.511000000000000e-02,171,171,0,-3.840694978180333e+03,-5.093232762069001e+03,0.000000000000000e+00,-3.840694978180333e+03,-5.093232762069001e+03,0.000000000000000e+00,342
138,1,138,1.522000000000000e-02,171,171,0,-3.618911268353330e+03,-5.121864350917999e+03,0.000000000000000e+00,-3.618911268353330e+03,-5.121864350917999e+03,0.000000000000000e+00,342
139,1,139,1.533000000000000e-02,171,171,0,-3.386830413663668e+03,-5.138906838545002e+03,0.000000000000000e+00,-3.386830413663668e+03,-5.138906838545002e+03,0.000000000000000e+00,342
140,1,140,1.544000000000000e-02,171,171,0,-3.144549499205668e+03,-5.146032582020300e+03,0.000000000000000e+00,-3.144549499205668e+03,-5.146032582020300e+03,0.000000000000000e+00,342
141,1,141,1.556000000000000e-02,171,171,0,-2.892652177339323e+03,-5.145931043439998e+03,0.000000000000000e+00,-2.892652177339323e+03,-5.145931043439998e+03,0.000000000000000e+00,342
142,1,142,1.567000000000000e-02,171,171,0,-2.635142535403000e+03,-5.140956647681004e+03,0.000000000000000e+00,-2.635142535403000e+03,-5.140956647681004e+03,0.000000000000000e+00,342
143,1,143,1.578000000000000e-02,171,171,0,-2.376758529267334e+03,-5.131445156972003e+03,0.000000000000000e+00,-2.376758529267334e+03,-5.131445156972003e+03,0.000000000000000e+00,342
144,1,144,1.589000000000000e-02,171,171,0,-2.120127033762637e+03,-5.115140038476997e+03,0.000000000000000e+00,-2.120127033762637e+03,-5.115140038476997e+03,0.000000000000000e+00,342
145,1,145,1.600000000000000e-02,171,171,0,-1.862141682124301e+03,-5.092594524992701e+03,0.000000000000000e+00,-1.862141682124301e+03,-5.092594524992701e+03,0.000000000000000e+00,342
146,1,146,1.611000000000000e-02,171,171,0,-1.597193630848001e+03,-5.068987083844000e+03,0.000000000000000e+00,-1.597193630848001e+03,-5.068987083844000e+03,0.000000000000000e+00,342
147,1,147,1.622000000000000e-02,171,171,0,-1.320066135496001e+03,-5.048770155316999e+03,0.000000000000000e+00,-1.320066135496001e+03,-5.048770155316999e+03,0.000000000000000e+00,342
148,1,148,1.633000000000000e-02,171,171,0,-1.025374237260669e+03,-5.035167202420000e+03,0.000000000000000e+00,-1.025374237260669e+03,-5.035167202420000e+03,0.000000000000000e+00,342
149,1,149,1.644000000000000e-02,171,171,0,-7.078618474153336e+02,-5.031854482803003e+03,0.000000000000000e+00,-7.078618474153336e+02,-5.031854482803003e+03,0.000000000000000e+00,342
150,1,150,1.656000000000000e-02,171,171,0,-3.672391307262986e+02,-5.043942535304998e+03,0.000000000000000e+00,-3.672391307262986e+02,-5.043942535304998e+03,0.000000000000000e+00,342
151,1,151,1.667000000000000e-02,171,171,0,-1.020086786545297e+01,-5.074459071376699e+03,0.000000000000000e+00,-1.020086786545297e+01,-5.074459071376699e+03,0.000000000000000e+00,342
152,1,152,1.678000000000000e-02,171,171,0,3.504250213322002e+02,-5.122425870461296e+03,0.000000000000000e+00,3.504250213322002e+02,-5.122425870461296e+03,0.000000000000000e+00,342
153,1,153,1.689000000000000e-02,171,171,0,6.996767626680645e+02,-5.180086065746003e+03,0.000000000000000e+00,6.996767626680645e+02,-5.180086065746003e+03,0.000000000000000e+00,342
154,1,154,1.700000000000000e-02,171,171,0,1.030904533929900e+03,-5.233635764069003e+03,0.000000000000000e+00,1.030904533929900e+03,-5.233635764069003e+03,0.000000000000000e+00,342
155,1,155,1.711000000000000e-02,171,171,0,1.345851500039834e+03,-5.277789767435700e+03,0.000000000000000e+00,1.345851500039834e+03,-5.277789767435700e+03,0.000000000000000e+00,342
156,1,156,1.722000000000000e-02,171,171,0,1.644378491594632e+03,-5.314793278602700e+03,0.000000000000000e+00,1.644378491594632e+03,-5.314793278602700e+03,0.000000000000000e+00,342
157,1,157,1.733000000000000e-02,171,171,0,1.927745606675781e+03,-5.347702383132301e+03,0.000000000000000e+00,1.927745606675781e+03,-5.347702383132301e+03,0.000000000000000e+00,342
158,1,158,1.744000000000000e-02,171,171,0,2.194611091479614e+03,-5.378478349994331e+03,0.000000000000000e+00,2.194611091479614e+03,-5.378478349994331e+03,0.000000000000000e+00,342
159,1,159,1.756000000000000e-02,171,171,0,2.441683124053533e+03,-5.408837821184000e+03,0.000000000000000e+00,2.441683124053533e+03,-5.408837821184000e+03,0.000000000000000e+00,342
160,1,160,1.767000000000000e-02,171,171,0,2.664066376995997e+03,-5.440735059566751e+03,0.000000000000000e+00,2.664066376995997e+03,-5.440735059566751e+03,0.000000000000000e+00,342
161,1,161,1.778000000000000e-02,171,171,0,2.855346059676574e+03,-5.477521901962400e+03,0.000000000000000e+00,2.855346059676574e+03,-5.477521901962400e+03,0.000000000000000e+00,342
162,1,162,1.789000000000000e-02,171,171,0,3.008375834330209e+03,-5.519944422047603e+03,0.000000000000000e+00,3.008375834330209e+03,-5.519944422047603e+03,0.000000000000000e+00,342
163,1,163,1.800000000000000e-02,171,171,0,3.120437318393112e+03,-5.567308169543997e+03,0.000000000000000e+00,3.120437318393112e+03,-5.567308169543997e+03,0.000000000000000e+00,342
164,1,164,1.811000000000000e-02,171,171,0,3.191650818466239e+03,-5.621924770769300e+03,0.000000000000000e+00,3.191650818466239e+03,-5.621924770769300e+03,0.000000000000000e+00,342
165,1,165,1.822000000000000e-02,171,171,0,3.223854118204199e+03,-5.684645427481003e+03,0.000000000000000e+00,3.223854118204199e+03,-5.684645427481003e+03,0.000000000000000e+00,342
166,1,166,1.833000000000000e-02,171,171,0,3.226567190276583e+03,-5.746586976800000e+03,0.000000000000000e+00,3.226567190276583e+03,-5.746586976800000e+03,0.000000000000000e+00,342
167,1,167,1.844000000000000e-02,171,171,0,3.212336552432751e+03,-5.799268560456000e+03,0.000000000000000e+00,3.212336552432751e+03,-5.799268560456000e+03,0.000000000000000e+00,342
168,1,168,1.856000000000000e-02,171,171,0,3.188849974108887e+03,-5.843108338132001e+03,0.000000000000000e+00,3.188849974108887e+03,-5.843108338132001e+03,0.000000000000000e+00,342
169,1,169,1.867000000000000e-02,171,171,0,3.157807392904883e+03,-5.881639748956999e+03,0.000000000000000e+00,3.157807392904883e+03,-5.881639748956999e+03,0.000000000000000e+00,342
170,1,170,1.878000000000000e-02,171,171,0,3.120225152486333e+03,-5.915819480143299e+03,0.000000000000000e+00,3.120225152486333e+03,-5.915819480143299e+03,0.000000000000000e+00,342
171,1,171,1.889000000000000e-02,171,171,0,3.079879468138834e+03,-5.943953508684002e+03,0.000000000000000e+00,3.079879468138834e+03,-5.943953508684002e+03,0.000000000000000e+00,342
172,1,172,1.900000000000000e-02,171,171,0,3.041583058975033e+03,-5.967589410712997e+03,0.000000000000000e+00,3.041583058975033e+03,-5.967589410712997e+03,0.000000000000000e+00,342
173,1,173,1.911000000000000e-02,171,171,0,3.006256471481333e+03,-5.990797581931000e+03,0.000000000000000e+00,3.006256471481333e+03,-5.990797581931000e+03,0.000000000000000e+00,342
174,1,174,1.922000000000000e-02,171,171,0,2.970420027823300e+03,-6.017456871111001e+03,0.000000000000000e+00,2.970420027823300e+03,-6.017456871111001e+03,0.000000000000000e+00,342
175,1,175,1.933000000000000e-02,171,171,0,2.928381702857700e+03,-6.047446519858301e+03,0.000000000000000e+00,2.928381702857700e+03,-6.047446519858301e+03,0.000000000000000e+00,342
176,1,176,1.944000000000000e-02,171,171,0,2.877918797721001e+03,-6.079442770121997e+03,0.000000000000000e+00,2.877918797721001e+03,-6.079442770121997e+03,0.000000000000000e+00,342
177,1,177,1.956000000000000e-02,171,171,0,2.817937957721299e+03,-6.116614843838999e+03,0.000000000000000e+00,2.817937957721299e+03,-6.116614843838999e+03,0.000000000000000e+00,342
178,1,178,1.967000000000000e-02,171,171,0,2.746839960027330e+03,-6.163972011989998e+03,0.000000000000000e+00,2.746839960027330e+03,-6.163972011989998e+03,0.000000000000000e+00,342
179,1,179,1.978000000000000e-02,171,171,0,2.660382757051000e+03,-6.226972223913001e+03,0.000000000000000e+00,2.660382757051000e+03,-6.226972223913001e+03,0.000000000000000e+00,342
180,1,180,1.989000000000000e-02,171,171,0,2.551285928456000e+03,-6.308859712967002e+03,0.000000000000000e+00,2.551285928456000e+03,-6.308859712967002e+03,0.000000000000000e+00,342
