frequency_hz,dominant_order,dominant_order_abs,order0_abs,order2_abs,order6_abs,order12_abs,total_order_energy,num_angle_samples,num_source_points,quantity
5.000000000000000e+01,2,2.089142229766095e-05,1.838754999027920e-05,2.089142229766095e-05,1.151318011297811e-06,6.044409879469545e-07,7.940542081044514e-10,256,78,vn
1.000000000000000e+02,2,7.635615180161199e-03,6.622644850137894e-03,7.635615180161199e-03,4.428996424927630e-04,2.310456364471819e-04,1.046910926699083e-04,256,78,vn
1.500000000000000e+02,2,4.253758550699979e-05,4.060751423536446e-05,4.253758550699979e-05,6.396637031164715e-06,2.574747813851593e-06,3.716320144076475e-09,256,78,vn
2.000000000000000e+02,2,3.874689271869126e-03,3.578201858163441e-03,3.874689271869126e-03,3.402811110618604e-04,1.745231349094091e-04,2.946976589908827e-05,256,78,vn
2.500000000000000e+02,2,2.916046113422574e-05,2.395626002339774e-05,2.916046113422574e-05,1.680282018621209e-06,7.502458250135077e-07,1.438694215552003e-09,256,78,vn
3.000000000000000e+02,2,8.393754504341865e-04,7.204083959745539e-04,8.393754504341865e-04,5.434950302857349e-05,1.844667277328167e-05,1.241694515515980e-06,256,78,vn
3.500000000000000e+02,2,1.087153500417157e-05,1.005126362351349e-05,1.087153500417157e-05,9.665285953629261e-07,4.961539540747364e-07,2.328432266945443e-10,256,78,vn
4.000000000000000e+02,2,1.514071077141951e-03,1.285997610791795e-03,1.514071077141951e-03,3.427983289399325e-05,1.916400536778203e-05,3.981639414877575e-06,256,78,vn
4.500000000000000e+02,2,2.108538607532710e-05,1.827640490918801e-05,2.108538607532710e-05,1.829266881046621e-06,6.419630884764450e-07,7.958912106616115e-10,256,78,vn
5.000000000000000e+02,2,1.471289166666301e-03,1.333048468349291e-03,1.471289166666301e-03,1.104641514465470e-04,5.703643140081645e-05,4.121823019927371e-06,256,78,vn
5.500000000000000e+02,2,1.618206398879440e-05,1.354619308246765e-05,1.618206398879440e-05,5.075510096476420e-07,2.274432138485093e-07,4.481710683167712e-10,256,78,vn
6.000000000000000e+02,2,3.177455424720589e-04,2.760710242075510e-04,3.177455424720589e-04,4.489455189314372e-05,1.677872453653546e-05,1.858013179122514e-07,256,78,vn
6.500000000000000e+02,0,1.734409808182278e-06,1.734409808182278e-06,1.526939027591390e-06,4.538004926677886e-07,2.246559451737131e-07,8.177500691108436e-12,256,78,vn
7.000000000000000e+02,2,9.442547902594650e-04,7.793424136058681e-04,9.442547902594650e-04,4.060106331257906e-05,1.719386616857466e-05,1.506934428916772e-06,256,78,vn
7.500000000000000e+02,2,5.736832722944208e-06,4.756614706081190e-06,5.736832722944208e-06,6.007353464593118e-07,2.016550266975241e-07,5.666515909738906e-11,256,78,vn
8.000000000000000e+02,0,1.431323840474105e-04,1.431323840474105e-04,1.403359133655538e-04,3.603210133656175e-05,1.779785609553420e-05,5.798245786054433e-08,256,78,vn
8.500000000000000e+02,2,7.363608206564320e-06,6.096436436494072e-06,7.363608206564320e-06,2.649008462643376e-07,1.077031150284324e-07,9.175136924539717e-11,256,78,vn
9.000000000000000e+02,2,2.164042054014539e-04,1.693472157068694e-04,2.164042054014539e-04,3.778517167174990e-05,1.301514096141564e-05,7.913888394031882e-08,256,78,vn
9.500000000000000e+02,2,3.056969141405324e-06,2.889793976208503e-06,3.056969141405324e-06,3.251296856875851e-07,1.655614468623197e-07,1.931057552720894e-11,256,78,vn
1.000000000000000e+03,2,5.935224022346294e-04,4.948416746146020e-04,5.935224022346294e-04,1.623315980629898e-05,6.398036757872496e-06,5.994627030606326e-07,256,78,vn
1.050000000000000e+03,2,3.702537266755906e-06,3.116549851075980e-06,3.702537266755906e-06,5.749058461437024e-07,2.021895021398105e-07,2.455607198343679e-11,256,78,vn
1.100000000000000e+03,2,1.535595081443179e-04,1.469176222641454e-04,1.535595081443179e-04,1.790114959181819e-05,9.077352541882405e-06,4.981750490606273e-08,256,78,vn
1.150000000000000e+03,2,1.421243496020302e-05,1.197722098260021e-05,1.421243496020302e-05,1.456012583611013e-07,4.943281386354729e-08,3.470124070056180e-10,256,78,vn
1.200000000000000e+03,2,1.221615505045775e-04,1.044857061497776e-04,1.221615505045775e-04,6.075837188217024e-06,2.230139051041541e-06,2.616277081665555e-08,256,78,vn
1.250000000000000e+03,2,5.854491241117794e-06,5.347109680614231e-06,5.854491241117794e-06,4.364402153809745e-07,2.273326023913552e-07,6.605377572135117e-11,256,78,vn
1.300000000000000e+03,2,2.310086727980308e-04,1.944830529700999e-04,2.310086727980308e-04,4.372079244718168e-06,1.803926530337703e-06,9.164047291079703e-08,256,78,vn
1.350000000000000e+03,2,1.151446835705860e-05,9.898993575196946e-06,1.151446835705860e-05,6.645143941287928e-07,2.512263562807916e-07,2.341030079360181e-10,256,78,vn
1.400000000000000e+03,2,1.980012096317706e-04,1.763935106764814e-04,1.980012096317706e-04,1.175875865270936e-05,6.212081331467843e-06,7.284298814982767e-08,256,78,vn
1.450000000000000e+03,2,2.142086582771581e-05,1.830719000767823e-05,2.142086582771581e-05,2.335321364029427e-07,1.777839558277703e-07,8.006104428032001e-10,256,78,vn
1.500000000000000e+03,2,1.588873853842180e-04,1.387522189338389e-04,1.588873853842180e-04,8.216963685151605e-06,3.604455050723371e-06,4.532703497426432e-08,256,78,vn
1.550000000000000e+03,2,5.597654610013877e-06,4.927964603685146e-06,5.597654610013877e-06,2.352186364471889e-07,1.299542074854996e-07,5.688933592573609e-11,256,78,vn
1.600000000000000e+03,2,9.538427473386073e-04,8.220645126564451e-04,9.538427473386073e-04,1.872752258345461e-05,1.202268964802986e-05,1.603737613789693e-06,256,78,vn
1.650000000000000e+03,2,6.346593273249832e-05,5.512915374506753e-05,6.346593273249832e-05,1.782287793950280e-06,1.034571953336039e-06,7.170302467143508e-09,256,78,vn
1.700000000000000e+03,2,5.572840050939797e-04,4.811026059160438e-04,5.572840050939797e-04,1.320242685598064e-05,8.116042765115132e-06,5.487533757654407e-07,256,78,vn
1.750000000000000e+03,2,2.981736078404881e-05,2.602376276230498e-05,2.981736078404881e-05,1.009513101202673e-06,5.807703375137484e-07,1.593744366364456e-09,256,78,vn
1.800000000000000e+03,2,3.902549380006464e-05,3.411746552845798e-05,3.902549380006464e-05,3.237484701826324e-06,1.369759964922967e-06,2.768864531289003e-09,256,78,vn
1.850000000000000e+03,2,2.589695546911807e-06,2.297235453528651e-06,2.589695546911807e-06,1.044144931357172e-07,5.908045495118059e-08,1.228962431024742e-11,256,78,vn
1.900000000000000e+03,2,2.286812648528888e-04,2.020009467416215e-04,2.286812648528888e-04,1.086016291592972e-05,5.929032056561001e-06,9.538790775514579e-08,256,78,vn
1.950000000000000e+03,2,1.127130525364988e-05,1.008591673020289e-05,1.127130525364988e-05,8.975102473431389e-07,4.095797972464492e-07,2.367487454814251e-10,256,78,vn
2.000000000000000e+03,2,6.556289226575295e-05,5.486708059379501e-05,6.556289226575295e-05,1.682258315980799e-06,7.878654229075431e-07,7.361564060079396e-09,256,78,vn
2.050000000000000e+03,2,3.148928376086253e-06,2.823228664514657e-06,3.148928376086253e-06,2.136534636630802e-07,1.117488302152146e-07,1.854207476370912e-11,256,78,vn
2.100000000000000e+03,2,4.953005843853675e-05,4.437335093399426e-05,4.953005843853675e-05,4.702883504207865e-06,2.087988553369115e-06,4.607463851864005e-09,256,78,vn
2.150000000000000e+03,2,9.393696834333687e-07,8.483017846997852e-07,9.393696834333687e-07,8.155495646849507e-08,4.121626631792084e-08,1.711655726023026e-12,256,78,vn
2.200000000000000e+03,2,3.693378293193273e-05,3.387914067366705e-05,3.693378293193273e-05,3.433663968422713e-06,1.755377889447208e-06,2.654050775960136e-09,256,78,vn
2.250000000000000e+03,2,1.891647795847436e-06,1.856385781377637e-06,1.891647795847436e-06,4.577074332288763e-07,1.864885223616239e-07,8.150456318418226e-12,256,78,vn
2.300000000000000e+03,2,2.400960645644533e-05,1.874831774537090e-05,2.400960645644533e-05,2.309720105253216e-06,1.056888410817508e-06,9.715913090173613e-10,256,78,vn
2.350000000000000e+03,2,1.548198621145481e-06,1.424895843750900e-06,1.548198621145481e-06,1.423886506418831e-07,7.269900071379267e-08,4.678965433498614e-12,256,78,vn
2.400000000000000e+03,2,1.071261201067087e-05,9.661032824023835e-06,1.071261201067087e-05,1.408508070147410e-06,6.162676927406995e-07,2.217016147241871e-10,256,78,vn
2.450000000000000e+03,4,3.011564141192500e-07,9.181261217361068e-08,1.600904536300928e-07,1.056259475568323e-07,5.068032148063627e-08,1.545220977089212e-13,256,78,vn
2.500000000000000e+03,0,7.634886975826867e-06,7.634886975826867e-06,7.624322469654772e-06,1.620921486341520e-06,7.951185240419970e-07,1.390810489112666e-10,256,78,vn
2.550000000000000e+03,2,8.774932976330905e-07,7.989917334788893e-07,8.774932976330905e-07,1.916321362484570e-07,7.838509840942925e-08,1.599727174493891e-12,256,78,vn
2.600000000000000e+03,4,3.735947133440585e-06,1.381526087375074e-06,2.723932798769194e-06,1.384716849205064e-06,6.601385220540595e-07,2.837594906488931e-11,256,78,vn
2.650000000000000e+03,0,3.859559429331698e-07,3.859559429331698e-07,3.796451193709491e-07,8.470522684559774e-08,4.147415898902626e-08,3.552753391944560e-13,256,78,vn
2.700000000000000e+03,2,2.613878540236672e-06,1.918347937298454e-06,2.613878540236672e-06,8.070568722371531e-07,3.027190894296986e-07,1.296237377891610e-11,256,78,vn
2.750000000000000e+03,2,3.589586109742750e-07,2.389281534434026e-07,3.589586109742750e-07,8.829599019574527e-08,4.124359613247508e-08,2.513899458841697e-13,256,78,vn
2.800000000000000e+03,0,9.034826015582955e-06,9.034826015582955e-06,8.739806811968426e-06,2.059218498572717e-06,1.004325681852650e-06,1.950000584455942e-10,256,78,vn
2.850000000000000e+03,0,5.302720160662080e-07,5.302720160662080e-07,4.894478985044387e-07,2.218889651767200e-07,9.228994559717611e-08,7.715042855590586e-13,256,78,vn
2.900000000000000e+03,2,6.791139239501855e-06,4.409637107951690e-06,6.791139239501855e-06,1.884988257743811e-06,8.810117318011827e-07,9.474729425099053e-11,256,78,vn
2.950000000000000e+03,0,2.093654228520061e-07,2.093654228520061e-07,1.794747699852835e-07,7.498781985344413e-08,3.610031434885177e-08,1.195128540501280e-13,256,78,vn
3.000000000000000e+03,0,2.326624933179717e-06,2.326624933179717e-06,2.038993289095916e-06,1.321892218041163e-06,5.524437554390514e-07,1.833983303597988e-11,256,78,vn
3.050000000000000e+03,4,2.582954389965297e-07,6.720986391551284e-08,1.905246908689402e-07,1.047005791298996e-07,4.940625709676243e-08,1.360907212596623e-13,256,78,vn
3.100000000000000e+03,0,4.031045429630169e-06,4.031045429630169e-06,3.260104395512371e-06,1.600438698864812e-06,7.676144185122756e-07,4.657197367561048e-11,256,78,vn
3.150000000000000e+03,4,2.647054367634057e-07,1.814392623187786e-07,1.037211743361723e-07,1.564234471799465e-07,6.498815153430832e-08,1.643011321960303e-13,256,78,vn
3.200000000000000e+03,2,2.786750324670069e-06,1.453400298234355e-06,2.786750324670069e-06,1.036568580779558e-06,4.826545965721370e-07,1.787252370918053e-11,256,78,vn
3.250000000000000e+03,0,1.717322838789147e-07,1.717322838789147e-07,1.676001625568637e-07,3.796527058277824e-08,1.850077497048190e-08,7.051022235865972e-14,256,78,vn
3.300000000000000e+03,4,6.955634909146852e-07,4.455082800246471e-07,6.588764251164920e-07,4.216240286366721e-07,1.753421177037406e-07,1.492131811134454e-12,256,78,vn
3.350000000000000e+03,0,1.239752087059866e-07,1.239752087059866e-07,1.210141281803479e-07,1.989683479201471e-08,9.931215657235613e-09,3.648480421326856e-14,256,78,vn
3.400000000000000e+03,4,7.111231388958718e-07,3.092359926027690e-07,4.552299933172377e-07,3.646667457594352e-07,1.712235524038066e-07,1.162222585286902e-12,256,78,vn
3.450000000000000e+03,4,2.534656276257036e-07,1.476316600718518e-07,1.373697242880537e-07,1.451286132966517e-07,6.180029337248719e-08,1.504020709380526e-13,256,78,vn
3.500000000000000e+03,4,2.983275775549025e-06,5.257967722578061e-07,2.070812546175243e-06,1.309783037092470e-06,6.137954394600846e-07,1.788020722263097e-11,256,78,vn
3.550000000000000e+03,4,2.659603382490845e-07,1.457439634418771e-07,5.768602282456311e-08,1.264921922980017e-07,5.983352803541958e-08,1.372003376274271e-13,256,78,vn
3.600000000000000e+03,4,1.350459171078007e-06,2.251143200578173e-07,7.619688175525249e-07,7.752541267761599e-07,3.313174363897541e-07,3.783503061792595e-12,256,78,vn
3.650000000000000e+03,4,3.269324583145246e-07,1.044883062595009e-07,2.735363257953400e-07,1.545074039073220e-07,7.192753084748116e-08,2.534714888655299e-13,256,78,vn
3.700000000000000e+03,4,4.559478372609211e-06,1.640310633375477e-06,3.122062104121133e-07,2.194174238934504e-06,1.031923733309853e-06,3.603995638954890e-11,256,78,vn
3.750000000000000e+03,4,5.322377390489281e-07,1.066721466171707e-07,1.513565891762408e-07,2.905924467019419e-07,1.275292886796342e-07,5.101366253337394e-13,256,78,vn
3.800000000000000e+03,4,2.982564743321184e-06,3.902407669319800e-07,1.950770001592057e-06,1.395747484116418e-06,6.508735843565356e-07,1.782537216578205e-11,256,78,vn
3.850000000000000e+03,4,4.101477595023799e-07,1.351321728763273e-07,7.607240710445790e-08,1.962086360193749e-07,9.204454144117361e-08,2.911320002481864e-13,256,78,vn
3.900000000000000e+03,4,1.178836828442568e-06,1.128686415290552e-07,4.511616932251772e-07,6.179595652254400e-07,2.787387901151182e-07,2.518878546719784e-12,256,78,vn
3.950000000000000e+03,4,6.152921319945871e-07,1.639068255457758e-08,3.227388566004787e-07,2.881111168736014e-07,1.344462457177136e-07,6.946200622704445e-13,256,78,vn
4.000000000000000e+03,4,5.738425783279931e-06,6.820187458710529e-07,1.995110977914049e-06,2.807460583255415e-06,1.311258801246883e-06,5.751753154555772e-11,256,78,vn
4.050000000000000e+03,4,5.467974005322591e-07,2.721849929783594e-08,3.037492670949394e-07,2.805867359899880e-07,1.276440609339935e-07,5.847451824959337e-13,256,78,vn
4.100000000000000e+03,4,6.002093579006876e-06,3.916741731125751e-07,3.428337347032578e-06,2.976008986881997e-06,1.382900182361066e-06,7.038945789845571e-11,256,78,vn
4.150000000000000e+03,4,1.362160386482238e-06,9.265527194056551e-08,6.684170989922524e-07,6.699971523005525e-07,3.118392617708634e-07,3.450895060731673e-12,256,78,vn
4.200000000000000e+03,4,5.608980136824622e-06,2.868019650240458e-07,2.782974814936376e-06,2.727107778578926e-06,1.279326711287950e-06,5.841126580880129e-11,256,78,vn
4.250000000000000e+03,4,4.256462434458348e-07,1.561575518964805e-08,2.135065155076279e-07,2.137193762168224e-07,9.931748112165688e-08,3.427825704246288e-13,256,78,vn
4.300000000000000e+03,4,3.718223936567373e-06,3.474412046813747e-07,2.277326131515320e-06,1.844399560236857e-06,8.556762436810900e-07,2.773323993311402e-11,256,78,vn
4.350000000000000e+03,4,6.253104562569142e-07,3.255381031983619e-08,2.952365518388800e-07,2.905387647315866e-07,1.397166619026371e-07,7.056635340377989e-13,256,78,vn
4.400000000000000e+03,4,1.198800874551428e-06,3.910898474972169e-07,7.773115617954584e-07,6.403391115736942e-07,2.953741599534587e-07,3.224927088220057e-12,256,78,vn
4.450000000000000e+03,4,2.238346251609867e-07,2.918716995751224e-08,1.388472727269976e-07,1.090030417281108e-07,5.045685630103164e-08,9.985130248760922e-14,256,78,vn
4.500000000000000e+03,4,9.345166139934357e-07,8.845656971964813e-08,4.278009632260424e-07,4.102413186370984e-07,2.042385611849531e-07,1.542811214991343e-12,256,78,vn
