rank,frequency_hz,total_index,total_index_db,relative_to_max_db,dominant_order,dominant_order_index,dominant_order_db,a_weighted_db
1,1.600000000000000e+03,3.116421461623049e-06,6.493656186510059e+01,0.000000000000000e+00,0,2.951699654256551e-06,6.470072164419599e+01,6.592985260090921e+01
2,2.000000000000000e+02,2.367745281741305e-06,6.374334979856505e+01,-1.193212066535540e+00,0,2.362798309987443e-06,6.373426651552854e+01,5.289629668008686e+01
3,5.000000000000000e+02,2.066107654412420e-06,6.315152946660463e+01,-1.785032398495951e+00,0,2.049598882161245e-06,6.311668875539109e+01,5.990373629386488e+01
4,1.000000000000000e+02,2.024937885402516e-06,6.306411705851590e+01,-1.872444806584679e+00,0,2.023484668990410e-06,6.306099918291168e+01,4.391916334158898e+01
5,7.000000000000000e+02,1.392136015001101e-06,6.143681668951751e+01,-3.499745175583076e+00,0,1.373060554400925e-06,6.137689690814515e+01,6.005381212594115e+01
6,4.000000000000000e+02,1.229241909273510e-06,6.089637358496116e+01,-4.040188280139423e+00,0,1.220779682055178e-06,6.086637292526967e+01,5.612249173266937e+01
7,1.000000000000000e+03,1.089956939290930e-06,6.037409340694991e+01,-4.562468458150676e+00,0,1.069529822476597e-06,6.029192898824751e+01,6.037429199401905e+01
8,1.700000000000000e+03,1.075078917307794e-06,6.031440345268680e+01,-4.622158412413783e+00,0,1.010964211102726e-06,6.004735781510178e+01,6.137904402820872e+01
9,3.000000000000000e+02,2.164744569081813e-07,5.335406658757379e+01,-1.158249527752679e+01,0,2.154949152519759e-07,5.333437027146118e+01,4.629960910766999e+01
10,1.900000000000000e+03,1.918305905684471e-07,5.282917863813459e+01,-1.210738322696599e+01,0,1.782244046953311e-07,5.250967172758210e+01,5.399595850840020e+01
