frequency_hz,step_no,sub_step_no,block_step_no,source_value,max_displacement_abs,max_velocity_abs,modal_energy_sum,dominant_mode_id,dominant_mode_frequency_hz,warning
5.000000000000000e+01,2,1,1,5.000000000000000e+01,2.352715056540162e-07,7.391272337616667e-05,1.734045478025537e-14,1,1.695549108461087e+03,
1.000000000000000e+02,3,1,2,1.000000000000000e+02,4.664972189196520e-05,2.931088471756096e-02,5.964828732362655e-10,1,1.695549108461087e+03,
1.500000000000000e+02,4,1,3,1.500000000000000e+02,1.928338227543655e-07,1.817415962786253e-04,9.621280531057333e-15,1,1.695549108461087e+03,
2.000000000000000e+02,5,1,4,2.000000000000000e+02,1.180109004930764e-05,1.482968712130259e-02,4.115303765646090e-11,1,1.695549108461087e+03,
2.500000000000000e+02,6,1,5,2.500000000000000e+02,7.068025546261013e-08,1.110242856575929e-04,1.226921202289273e-15,1,1.695549108461087e+03,
3.000000000000000e+02,7,1,6,3.000000000000000e+02,1.741290311349554e-06,3.282254909941705e-03,7.292687548636160e-13,1,1.695549108461087e+03,
3.500000000000000e+02,8,1,7,3.500000000000000e+02,1.901029368119698e-08,4.180581928000303e-05,1.064848359846068e-16,1,1.695549108461087e+03,
4.000000000000000e+02,9,1,8,4.000000000000000e+02,2.150817283135783e-06,5.405593420730668e-03,1.338349495127551e-12,1,1.695549108461087e+03,
4.500000000000000e+02,10,1,9,4.500000000000000e+02,3.087391900298056e-08,8.729394941456103e-05,2.110159557326156e-16,1,1.695549108461087e+03,
5.000000000000000e+02,11,1,10,5.000000000000000e+02,1.765612265053897e-06,5.546834520981357e-03,9.137196815321749e-13,1,1.695549108461087e+03,
5.500000000000000e+02,12,1,11,5.500000000000000e+02,1.703899326390949e-08,5.888253366871042e-05,7.878281421458799e-17,1,1.695549108461087e+03,
6.000000000000000e+02,13,1,12,6.000000000000000e+02,3.822614152005631e-07,1.441091584493912e-03,2.850072254697681e-14,1,1.695549108461087e+03,
6.500000000000000e+02,14,1,13,6.500000000000000e+02,2.537206735975574e-09,1.036213105509322e-05,1.264640349401278e-18,1,1.695549108461087e+03,
7.000000000000000e+02,15,1,14,7.000000000000000e+02,7.924535959273982e-07,3.485392953386860e-03,1.623432458771899e-13,1,1.695549108461087e+03,
7.500000000000000e+02,16,1,15,7.500000000000000e+02,4.946730499698514e-09,2.331091829571213e-05,5.314356154213625e-18,1,1.695549108461087e+03,
8.000000000000000e+02,17,1,16,8.000000000000000e+02,1.822844756754461e-07,9.162617114327180e-04,5.813820626525850e-15,1,1.695549108461087e+03,
8.500000000000000e+02,18,1,17,8.500000000000000e+02,5.017895795228247e-09,2.679911376350589e-05,6.681154127890362e-18,1,1.695549108461087e+03,
9.000000000000000e+02,19,1,18,9.000000000000000e+02,1.659118617403842e-07,9.382094747765937e-04,5.259526969377776e-15,1,1.695549108461087e+03,
9.500000000000000e+02,20,1,19,9.500000000000000e+02,2.187490555953998e-09,1.305718809472605e-05,1.217272411120495e-18,1,1.695549108461087e+03,
1.000000000000000e+03,21,1,20,1.000000000000000e+03,3.366959815046639e-07,2.115523243976514e-03,3.144202693672279e-14,1,1.695549108461087e+03,
1.050000000000000e+03,22,1,21,1.050000000000000e+03,2.603990274501527e-09,1.717942110442586e-05,1.227256847751527e-18,1,1.695549108461087e+03,
1.100000000000000e+03,23,1,22,1.100000000000000e+03,9.612249219790813e-08,6.643509737341189e-04,2.329537444292890e-15,1,1.695549108461087e+03,
1.150000000000000e+03,24,1,23,1.150000000000000e+03,6.810685611263726e-09,4.921171972918841e-05,1.374914721810556e-17,1,1.695549108461087e+03,
1.200000000000000e+03,25,1,24,1.200000000000000e+03,6.038777250975587e-08,4.553130779599217e-04,9.555355402649083e-16,1,1.695549108461087e+03,
1.250000000000000e+03,26,1,25,1.250000000000000e+03,2.888995621442975e-09,2.269011855144582e-05,2.324373225139292e-18,1,1.695549108461087e+03,
1.300000000000000e+03,27,1,26,1.300000000000000e+03,1.006406826420191e-07,8.220472760251153e-04,2.837871466642619e-15,1,1.695549108461087e+03,
1.350000000000000e+03,28,1,27,1.350000000000000e+03,5.166895229708424e-09,4.382715625790435e-05,6.796149039379773e-18,1,1.695549108461087e+03,
1.400000000000000e+03,29,1,28,1.400000000000000e+03,8.628823829657742e-08,7.590309874664525e-04,2.013609911820110e-15,1,1.695549108461087e+03,
1.450000000000000e+03,30,1,29,1.450000000000000e+03,8.186343785939381e-09,7.458265674323607e-05,1.999408854584101e-17,1,1.695549108461087e+03,
1.500000000000000e+03,31,1,30,1.500000000000000e+03,6.347845899333859e-08,5.982703813040205e-04,1.073917593581584e-15,1,1.695549108461087e+03,
1.550000000000000e+03,32,1,31,1.550000000000000e+03,2.098858123614998e-09,2.044064751243602e-05,1.265706093800260e-18,1,1.695549108461087e+03,
1.600000000000000e+03,33,1,32,1.600000000000000e+03,3.333206796021341e-07,3.350904954648389e-03,3.299207256721934e-14,1,1.695549108461087e+03,
1.650000000000000e+03,34,1,33,1.650000000000000e+03,2.168577297794835e-08,2.248219547472974e-04,1.392920046615879e-16,1,1.695549108461087e+03,
1.700000000000000e+03,35,1,34,1.700000000000000e+03,1.825012839369198e-07,1.949371955815569e-03,1.001467289499703e-14,1,1.695549108461087e+03,
1.750000000000000e+03,36,1,35,1.750000000000000e+03,9.535978550808298e-09,1.048535605600322e-04,2.761027839118606e-17,1,1.695549108461087e+03,
1.800000000000000e+03,37,1,36,1.800000000000000e+03,1.375860490929962e-08,1.556061555841205e-04,4.603910173558309e-17,1,1.695549108461087e+03,
1.850000000000000e+03,38,1,37,1.850000000000000e+03,8.192986364766248e-10,9.523439536569066e-06,1.908892006883196e-19,1,1.695549108461087e+03,
1.900000000000000e+03,39,1,38,1.900000000000000e+03,6.909508913479042e-08,8.248607728149601e-04,1.412285495012904e-15,1,1.695549108461087e+03,
1.950000000000000e+03,40,1,39,1.950000000000000e+03,3.493606763682395e-09,4.280440843893327e-05,3.393468436600472e-18,1,1.695549108461087e+03,
2.000000000000000e+03,41,1,40,2.000000000000000e+03,1.882202532647160e-08,2.365245459652968e-04,9.551531108440159e-17,1,1.695549108461087e+03,
2.050000000000000e+03,42,1,41,2.050000000000000e+03,9.368395352742994e-10,1.206698962660188e-05,2.396173229919513e-19,1,1.695549108461087e+03,
2.100000000000000e+03,43,1,42,2.100000000000000e+03,1.491200864073574e-08,1.967593185432123e-04,5.732669186224266e-17,1,1.695549108461087e+03,
2.150000000000000e+03,44,1,43,2.150000000000000e+03,3.031123934429229e-10,4.094699374344914e-06,1.994656964362807e-20,1,1.695549108461087e+03,
2.200000000000000e+03,45,1,44,2.200000000000000e+03,1.028786325847142e-08,1.422092127893807e-04,3.045139962439085e-17,1,1.695549108461087e+03,
2.250000000000000e+03,46,1,45,2.250000000000000e+03,6.642598135678969e-10,9.390751876709237e-06,1.003901826208528e-19,1,1.695549108461087e+03,
2.300000000000000e+03,47,1,46,2.300000000000000e+03,6.502576537468687e-09,9.397085472577809e-05,9.624852252879107e-18,1,1.695549108461087e+03,
2.350000000000000e+03,48,1,47,2.350000000000000e+03,3.969075740643014e-10,5.860533018522413e-06,4.636918587861372e-20,1,1.695549108461087e+03,
2.400000000000000e+03,49,1,48,2.400000000000000e+03,3.037811337987668e-09,4.580911575558643e-05,2.155481371824452e-18,1,1.695549108461087e+03,
2.450000000000000e+03,50,1,49,2.450000000000000e+03,9.288701134899289e-11,1.429884447092748e-06,1.998525206954884e-21,2,4.163610342847002e+03,
2.500000000000000e+03,51,1,50,2.500000000000000e+03,2.294397414051564e-09,3.604031030199907e-05,1.444268830587503e-18,1,1.695549108461087e+03,
2.550000000000000e+03,52,1,51,2.550000000000000e+03,2.769992936257875e-10,4.438116624112114e-06,1.470940642289697e-20,1,1.695549108461087e+03,
2.600000000000000e+03,53,1,52,2.600000000000000e+03,1.109109742506222e-09,1.811872929922855e-05,3.039308968120819e-19,2,4.163610342847002e+03,
2.650000000000000e+03,54,1,53,2.650000000000000e+03,1.036269819937965e-10,1.725434956330581e-06,3.244471216677952e-21,1,1.695549108461087e+03,
2.700000000000000e+03,55,1,54,2.700000000000000e+03,8.519121939628518e-10,1.445234988630920e-05,1.114246266927147e-19,1,1.695549108461087e+03,
2.750000000000000e+03,56,1,55,2.750000000000000e+03,9.766886748919040e-11,1.687596881236615e-06,1.992155172297836e-21,2,4.163610342847002e+03,
2.800000000000000e+03,57,1,56,2.800000000000000e+03,2.304070079346934e-09,4.053531795394132e-05,1.569454179524036e-18,1,1.695549108461087e+03,
2.850000000000000e+03,58,1,57,2.850000000000000e+03,1.819197027384192e-10,3.257650329497663e-06,6.950023030426816e-21,1,1.695549108461087e+03,
2.900000000000000e+03,59,1,58,2.900000000000000e+03,1.838420060121820e-09,3.349828833952672e-05,6.949267792358326e-19,2,4.163610342847002e+03,
2.950000000000000e+03,60,1,59,2.950000000000000e+03,6.042026112318799e-11,1.119913505988248e-06,1.047717882503829e-21,1,1.695549108461087e+03,
3.000000000000000e+03,61,1,60,3.000000000000000e+03,9.180317586089970e-10,1.730449097164886e-05,1.657357442078845e-19,2,4.163610342847002e+03,
3.050000000000000e+03,62,1,61,3.050000000000000e+03,6.302964076598189e-11,1.207882083971756e-06,1.110556395830135e-21,2,4.163610342847002e+03,
3.100000000000000e+03,63,1,62,3.100000000000000e+03,1.121071195200639e-09,2.183608399215943e-05,3.789928776560171e-19,1,1.695549108461087e+03,
3.150000000000000e+03,64,1,63,3.150000000000000e+03,8.472745570757008e-11,1.676928660172017e-06,1.607724998489038e-21,2,4.163610342847002e+03,
3.200000000000000e+03,65,1,64,3.200000000000000e+03,6.800224628836070e-10,1.367266287149554e-05,1.186791883808697e-19,2,4.163610342847002e+03,
3.250000000000000e+03,66,1,65,3.250000000000000e+03,4.346194520818321e-11,8.875082305488782e-07,3.942452135103969e-22,1,1.695549108461087e+03,
3.300000000000000e+03,67,1,66,3.300000000000000e+03,2.513645217150696e-10,5.211920569634953e-06,1.136169584754387e-20,2,4.163610342847002e+03,
3.350000000000000e+03,68,1,67,3.350000000000000e+03,3.151408035491580e-11,6.633295022952008e-07,1.815593505951661e-22,1,1.695549108461087e+03,
3.400000000000000e+03,69,1,68,3.400000000000000e+03,2.218171412574992e-10,4.738641889620973e-06,1.089731392345844e-20,2,4.163610342847002e+03,
3.450000000000000e+03,70,1,69,3.450000000000000e+03,7.608896304223925e-11,1.649379638458072e-06,1.178184846630914e-21,2,4.163610342847002e+03,
3.500000000000000e+03,71,1,70,3.500000000000000e+03,6.304752366236181e-10,1.386487460152932e-05,1.187319616444456e-19,2,4.163610342847002e+03,
3.550000000000000e+03,72,1,71,3.550000000000000e+03,6.217639634015814e-11,1.386863660779390e-06,1.091727359588238e-21,2,4.163610342847002e+03,
3.600000000000000e+03,73,1,72,3.600000000000000e+03,3.638085567549326e-10,8.229155682343690e-06,2.800563007997395e-20,2,4.163610342847002e+03,
3.650000000000000e+03,74,1,73,3.650000000000000e+03,7.533453775978270e-11,1.727694141830328e-06,1.533680616897127e-21,2,4.163610342847002e+03,
3.700000000000000e+03,75,1,74,3.700000000000000e+03,9.235742173635524e-10,2.147105542472567e-05,2.715451704473830e-19,2,4.163610342847002e+03,
3.750000000000000e+03,76,1,75,3.750000000000000e+03,1.238340349659351e-10,2.917770708850226e-06,3.672717908426022e-21,2,4.163610342847002e+03,
3.800000000000000e+03,77,1,76,3.800000000000000e+03,6.112379075611525e-10,1.459397995192183e-05,1.059947682950894e-19,2,4.163610342847002e+03,
3.850000000000000e+03,78,1,77,3.850000000000000e+03,8.287692336423844e-11,2.004814608667761e-06,1.947202724978240e-21,2,4.163610342847002e+03,
3.900000000000000e+03,79,1,78,3.900000000000000e+03,2.450706223327297e-10,6.005314120503222e-06,1.620525022742308e-20,2,4.163610342847002e+03,
3.950000000000000e+03,80,1,79,3.950000000000000e+03,1.186144420459456e-10,2.943842251955440e-06,4.007163198332907e-21,2,4.163610342847002e+03,
4.000000000000000e+03,81,1,80,4.000000000000000e+03,1.112402725338116e-09,2.795772983804392e-05,3.555060704671290e-19,2,4.163610342847002e+03,
4.050000000000000e+03,82,1,81,4.050000000000000e+03,1.092642288315951e-10,2.780435958639696e-06,3.317427402900637e-21,2,4.163610342847002e+03,
4.100000000000000e+03,83,1,82,4.100000000000000e+03,1.129018622782767e-09,2.908471621102335e-05,3.855236841365711e-19,2,4.163610342847002e+03,
4.150000000000000e+03,84,1,83,4.150000000000000e+03,2.495734278580420e-10,6.507681794167390e-06,1.883952413021169e-20,2,4.163610342847002e+03,
4.200000000000000e+03,85,1,84,4.200000000000000e+03,1.008656997954849e-09,2.661783108404187e-05,3.098122315496571e-19,2,4.163610342847002e+03,
4.250000000000000e+03,86,1,85,4.250000000000000e+03,8.037274158156529e-11,2.146236523262890e-06,1.803820074413363e-21,2,4.163610342847002e+03,
4.300000000000000e+03,87,1,86,4.300000000000000e+03,6.858506138263373e-10,1.853010394876910e-05,1.350284347009054e-19,2,4.163610342847002e+03,
4.350000000000000e+03,88,1,87,4.350000000000000e+03,1.045203132273968e-10,2.856734159219016e-06,3.491777402297822e-21,2,4.163610342847002e+03,
4.400000000000000e+03,89,1,88,4.400000000000000e+03,2.712759584178858e-10,7.499699310938212e-06,1.561988730563396e-20,2,4.163610342847002e+03,
4.450000000000000e+03,90,1,89,4.450000000000000e+03,3.820421162212958e-11,1.068196428057622e-06,4.246922077362173e-22,2,4.163610342847002e+03,
4.500000000000000e+03,91,1,90,4.500000000000000e+03,1.551874200763881e-10,4.387820929573806e-06,7.070043662524296e-21,2,4.163610342847002e+03,
