node_id,side,theta_deg,radius,fix_radial,fix_tangential,fix_uz,er_x,er_y,et_x,et_y,penalty_stiffness
1,0,0.000000000000000e+00,8.019999999999999e-02,0,1,0,1.000000000000000e+00,0.000000000000000e+00,-0.000000000000000e+00,1.000000000000000e+00,1.000000000000000e+15
127,0,0.000000000000000e+00,7.672728353790256e-02,0,1,0,1.000000000000000e+00,0.000000000000000e+00,-0.000000000000000e+00,1.000000000000000e+00,1.000000000000000e+15
3,0,0.000000000000000e+00,4.500000000000000e-02,0,1,0,1.000000000000000e+00,0.000000000000000e+00,-0.000000000000000e+00,1.000000000000000e+00,1.000000000000000e+15
128,0,0.000000000000000e+00,7.545056657985581e-02,0,1,0,1.000000000000000e+00,0.000000000000000e+00,-0.000000000000000e+00,1.000000000000000e+00,1.000000000000000e+15
5,0,0.000000000000000e+00,3.000000000000000e-02,0,1,0,1.000000000000000e+00,0.000000000000000e+00,-0.000000000000000e+00,1.000000000000000e+00,1.000000000000000e+15
129,0,0.000000000000000e+00,7.367193303991186e-02,0,1,0,1.000000000000000e+00,0.000000000000000e+00,-0.000000000000000e+00,1.000000000000000e+00,1.000000000000000e+15
138,0,0.000000000000000e+00,4.791047063291435e-02,0,1,0,1.000000000000000e+00,0.000000000000000e+00,-0.000000000000000e+00,1.000000000000000e+00,1.000000000000000e+15
125,0,0.000000000000000e+00,7.872343567392838e-02,0,1,0,1.000000000000000e+00,0.000000000000000e+00,-0.000000000000000e+00,1.000000000000000e+00,1.000000000000000e+15
135,0,0.000000000000000e+00,5.664188253165740e-02,0,1,0,1.000000000000000e+00,0.000000000000000e+00,-0.000000000000000e+00,1.000000000000000e+00,1.000000000000000e+15
59,0,0.000000000000000e+00,3.375000000000001e-02,0,1,0,1.000000000000000e+00,0.000000000000000e+00,-0.000000000000000e+00,1.000000000000000e+00,1.000000000000000e+15
130,0,0.000000000000000e+00,7.119331420649892e-02,0,1,0,1.000000000000000e+00,0.000000000000000e+00,-0.000000000000000e+00,1.000000000000000e+00,1.000000000000000e+15
131,0,0.000000000000000e+00,6.828376506331482e-02,0,1,0,1.000000000000000e+00,0.000000000000000e+00,-0.000000000000000e+00,1.000000000000000e+00,1.000000000000000e+15
132,0,0.000000000000000e+00,6.537329443040046e-02,0,1,0,1.000000000000000e+00,0.000000000000000e+00,-0.000000000000000e+00,1.000000000000000e+00,1.000000000000000e+15
133,0,0.000000000000000e+00,6.246282379748611e-02,0,1,0,1.000000000000000e+00,0.000000000000000e+00,-0.000000000000000e+00,1.000000000000000e+00,1.000000000000000e+15
60,0,0.000000000000000e+00,3.750000000000003e-02,0,1,0,1.000000000000000e+00,0.000000000000000e+00,-0.000000000000000e+00,1.000000000000000e+00,1.000000000000000e+15
134,0,0.000000000000000e+00,5.955235316457176e-02,0,1,0,1.000000000000000e+00,0.000000000000000e+00,-0.000000000000000e+00,1.000000000000000e+00,1.000000000000000e+15
61,0,0.000000000000000e+00,4.125000000000001e-02,0,1,0,1.000000000000000e+00,0.000000000000000e+00,-0.000000000000000e+00,1.000000000000000e+00,1.000000000000000e+15
18,0,0.000000000000000e+00,7.969999999999999e-02,0,1,0,1.000000000000000e+00,0.000000000000000e+00,-0.000000000000000e+00,1.000000000000000e+00,1.000000000000000e+15
136,0,0.000000000000000e+00,5.373141189874306e-02,0,1,0,1.000000000000000e+00,0.000000000000000e+00,-0.000000000000000e+00,1.000000000000000e+00,1.000000000000000e+15
126,0,0.000000000000000e+00,7.774524190988621e-02,0,1,0,1.000000000000000e+00,0.000000000000000e+00,-0.000000000000000e+00,1.000000000000000e+00,1.000000000000000e+15
137,0,0.000000000000000e+00,5.082094126582870e-02,0,1,0,1.000000000000000e+00,0.000000000000000e+00,-0.000000000000000e+00,1.000000000000000e+00,1.000000000000000e+15
630,1,4.500000000000000e+01,5.082094126582871e-02,0,1,0,7.071067811865476e-01,7.071067811865476e-01,-7.071067811865476e-01,7.071067811865476e-01,1.000000000000000e+15
629,1,4.500000000000000e+01,5.373141189874306e-02,0,1,0,7.071067811865476e-01,7.071067811865476e-01,-7.071067811865476e-01,7.071067811865476e-01,1.000000000000000e+15
503,1,4.500000000000000e+01,3.000000000000000e-02,0,1,0,7.071067811865476e-01,7.071067811865476e-01,-7.071067811865476e-01,7.071067811865476e-01,1.000000000000000e+15
628,1,4.500000000000000e+01,5.664188253165740e-02,0,1,0,7.071067811865476e-01,7.071067811865476e-01,-7.071067811865476e-01,7.071067811865476e-01,1.000000000000000e+15
627,1,4.500000000000000e+01,5.955235316457177e-02,0,1,0,7.071067811865476e-01,7.071067811865476e-01,-7.071067811865476e-01,7.071067811865476e-01,1.000000000000000e+15
626,1,4.500000000000000e+01,6.246282379748611e-02,0,1,0,7.071067811865476e-01,7.071067811865476e-01,-7.071067811865476e-01,7.071067811865476e-01,1.000000000000000e+15
625,1,4.500000000000000e+01,6.537329443040046e-02,0,1,0,7.071067811865476e-01,7.071067811865476e-01,-7.071067811865476e-01,7.071067811865476e-01,1.000000000000000e+15
624,1,4.500000000000000e+01,6.828376506331482e-02,0,1,0,7.071067811865476e-01,7.071067811865476e-01,-7.071067811865476e-01,7.071067811865476e-01,1.000000000000000e+15
623,1,4.500000000000000e+01,7.119331420649892e-02,0,1,0,7.071067811865476e-01,7.071067811865476e-01,-7.071067811865476e-01,7.071067811865476e-01,1.000000000000000e+15
622,1,4.500000000000000e+01,7.367193303991186e-02,0,1,0,7.071067811865476e-01,7.071067811865476e-01,-7.071067811865476e-01,7.071067811865476e-01,1.000000000000000e+15
620,1,4.500000000000000e+01,7.672728353790256e-02,0,1,0,7.071067811865476e-01,7.071067811865476e-01,-7.071067811865476e-01,7.071067811865476e-01,1.000000000000000e+15
502,1,4.500000000000000e+01,4.500000000000000e-02,0,1,0,7.071067811865476e-01,7.071067811865476e-01,-7.071067811865476e-01,7.071067811865476e-01,1.000000000000000e+15
621,1,4.500000000000000e+01,7.545056657985583e-02,0,1,0,7.071067811865476e-01,7.071067811865476e-01,-7.071067811865476e-01,7.071067811865476e-01,1.000000000000000e+15
619,1,4.500000000000000e+01,7.774524190988621e-02,0,1,0,7.071067811865476e-01,7.071067811865476e-01,-7.071067811865476e-01,7.071067811865476e-01,1.000000000000000e+15
618,1,4.500000000000000e+01,7.872343567392838e-02,0,1,0,7.071067811865476e-01,7.071067811865476e-01,-7.071067811865476e-01,7.071067811865476e-01,1.000000000000000e+15
557,1,4.500000000000000e+01,4.125000000000001e-02,0,1,0,7.071067811865476e-01,7.071067811865476e-01,-7.071067811865476e-01,7.071067811865476e-01,1.000000000000000e+15
556,1,4.500000000000000e+01,3.750000000000003e-02,0,1,0,7.071067811865476e-01,7.071067811865476e-01,-7.071067811865476e-01,7.071067811865476e-01,1.000000000000000e+15
555,1,4.500000000000000e+01,3.375000000000002e-02,0,1,0,7.071067811865476e-01,7.071067811865476e-01,-7.071067811865476e-01,7.071067811865476e-01,1.000000000000000e+15
501,1,4.500000000000000e+01,8.019999999999999e-02,0,1,0,7.071067811865476e-01,7.071067811865476e-01,-7.071067811865476e-01,7.071067811865476e-01,1.000000000000000e+15
631,1,4.500000000000000e+01,4.791047063291435e-02,0,1,0,7.071067811865476e-01,7.071067811865476e-01,-7.071067811865476e-01,7.071067811865476e-01,1.000000000000000e+15
515,1,4.500000000000000e+01,7.969999999999999e-02,0,1,0,7.071067811865476e-01,7.071067811865476e-01,-7.071067811865476e-01,7.071067811865476e-01,1.000000000000000e+15
